USE main_db;
INSERT INTO list_word VALUES('2085080','0001');
INSERT INTO list VALUES('0001',JLPT N5','Vocabulary from Peter van der Woude's www.jlptstudy.net');
INSERT INTO list_word VALUES('1198180','0001');
INSERT INTO list VALUES('0001',JLPT N5','Vocabulary from Peter van der Woude's www.jlptstudy.net');
INSERT INTO list_word VALUES('1381380','0001');
INSERT INTO list VALUES('0001',JLPT N5','Vocabulary from Peter van der Woude's www.jlptstudy.net');
INSERT INTO list_word VALUES('1381390','0001');
INSERT INTO list VALUES('0001',JLPT N5','Vocabulary from Peter van der Woude's www.jlptstudy.net');
INSERT INTO list_word VALUES('2013900','0001');
INSERT INTO list VALUES('0001',JLPT N5','Vocabulary from Peter van der Woude's www.jlptstudy.net');
INSERT INTO list_word VALUES('1383240','0001');
INSERT INTO list VALUES('0001',JLPT N5','Vocabulary from Peter van der Woude's www.jlptstudy.net');
INSERT INTO list_word VALUES('1532350','0001');
INSERT INTO list VALUES('0001',JLPT N5','Vocabulary from Peter van der Woude's www.jlptstudy.net');
INSERT INTO list_word VALUES('1332650','0001');
INSERT INTO list VALUES('0001',JLPT N5','Vocabulary from Peter van der Woude's www.jlptstudy.net');
INSERT INTO list_word VALUES('1586270','0001');
INSERT INTO list VALUES('0001',JLPT N5','Vocabulary from Peter van der Woude's www.jlptstudy.net');
INSERT INTO list_word VALUES('1202450','0001');
INSERT INTO list VALUES('0001',JLPT N5','Vocabulary from Peter van der Woude's www.jlptstudy.net');
INSERT INTO list_word VALUES('1352320','0001');
INSERT INTO list VALUES('0001',JLPT N5','Vocabulary from Peter van der Woude's www.jlptstudy.net');
INSERT INTO list_word VALUES('1428280','0001');
INSERT INTO list VALUES('0001',JLPT N5','Vocabulary from Peter van der Woude's www.jlptstudy.net');
INSERT INTO list_word VALUES('1404630','0001');
INSERT INTO list VALUES('0001',JLPT N5','Vocabulary from Peter van der Woude's www.jlptstudy.net');
INSERT INTO list_word VALUES('1542160','0001');
INSERT INTO list VALUES('0001',JLPT N5','Vocabulary from Peter van der Woude's www.jlptstudy.net');
INSERT INTO list_word VALUES('1586420','0001');
INSERT INTO list VALUES('0001',JLPT N5','Vocabulary from Peter van der Woude's www.jlptstudy.net');
INSERT INTO list_word VALUES('1582310','0001');
INSERT INTO list VALUES('0001',JLPT N5','Vocabulary from Peter van der Woude's www.jlptstudy.net');
INSERT INTO list_word VALUES('1361490','0001');
INSERT INTO list VALUES('0001',JLPT N5','Vocabulary from Peter van der Woude's www.jlptstudy.net');
INSERT INTO list_word VALUES('1343460','0001');
INSERT INTO list VALUES('0001',JLPT N5','Vocabulary from Peter van der Woude's www.jlptstudy.net');
INSERT INTO list_word VALUES('1467720','0001');
INSERT INTO list VALUES('0001',JLPT N5','Vocabulary from Peter van der Woude's www.jlptstudy.net');
INSERT INTO list_word VALUES('1275320','0001');
INSERT INTO list VALUES('0001',JLPT N5','Vocabulary from Peter van der Woude's www.jlptstudy.net');
INSERT INTO list_word VALUES('1269320','0001');
INSERT INTO list VALUES('0001',JLPT N5','Vocabulary from Peter van der Woude's www.jlptstudy.net');
INSERT INTO list_word VALUES('1249900','0001');
INSERT INTO list VALUES('0001',JLPT N5','Vocabulary from Peter van der Woude's www.jlptstudy.net');
INSERT INTO list_word VALUES('1307630','0001');
INSERT INTO list VALUES('0001',JLPT N5','Vocabulary from Peter van der Woude's www.jlptstudy.net');
INSERT INTO list_word VALUES('1000430','0001');
INSERT INTO list VALUES('0001',JLPT N5','Vocabulary from Peter van der Woude's www.jlptstudy.net');
INSERT INTO list_word VALUES('1000430','0001');
INSERT INTO list VALUES('0001',JLPT N5','Vocabulary from Peter van der Woude's www.jlptstudy.net');
INSERT INTO list_word VALUES('1017760','0001');
INSERT INTO list VALUES('0001',JLPT N5','Vocabulary from Peter van der Woude's www.jlptstudy.net');
INSERT INTO list_word VALUES('1218380','0001');
INSERT INTO list VALUES('0001',JLPT N5','Vocabulary from Peter van der Woude's www.jlptstudy.net');
INSERT INTO list_word VALUES('1213400','0001');
INSERT INTO list VALUES('0001',JLPT N5','Vocabulary from Peter van der Woude's www.jlptstudy.net');
INSERT INTO list_word VALUES('1171900','0001');
INSERT INTO list VALUES('0001',JLPT N5','Vocabulary from Peter van der Woude's www.jlptstudy.net');
INSERT INTO list_word VALUES('1153520','0001');
INSERT INTO list VALUES('0001',JLPT N5','Vocabulary from Peter van der Woude's www.jlptstudy.net');
INSERT INTO list_word VALUES('1390930','0001');
INSERT INTO list VALUES('0001',JLPT N5','Vocabulary from Peter van der Woude's www.jlptstudy.net');
INSERT INTO list_word VALUES('1514320','0001');
INSERT INTO list VALUES('0001',JLPT N5','Vocabulary from Peter van der Woude's www.jlptstudy.net');
INSERT INTO list_word VALUES('1587040','0001');
INSERT INTO list VALUES('0001',JLPT N5','Vocabulary from Peter van der Woude's www.jlptstudy.net');
INSERT INTO list_word VALUES('1191730','0001');
INSERT INTO list VALUES('0001',JLPT N5','Vocabulary from Peter van der Woude's www.jlptstudy.net');
INSERT INTO list_word VALUES('1421700','0001');
INSERT INTO list VALUES('0001',JLPT N5','Vocabulary from Peter van der Woude's www.jlptstudy.net');
INSERT INTO list_word VALUES('2441540','0001');
INSERT INTO list VALUES('0001',JLPT N5','Vocabulary from Peter van der Woude's www.jlptstudy.net');
INSERT INTO list_word VALUES('1159980','0001');
INSERT INTO list VALUES('0001',JLPT N5','Vocabulary from Peter van der Woude's www.jlptstudy.net');
INSERT INTO list_word VALUES('1519290','0001');
INSERT INTO list VALUES('0001',JLPT N5','Vocabulary from Peter van der Woude's www.jlptstudy.net');
INSERT INTO list_word VALUES('1432680','0001');
INSERT INTO list VALUES('0001',JLPT N5','Vocabulary from Peter van der Woude's www.jlptstudy.net');
INSERT INTO list_word VALUES('1160790','0001');
INSERT INTO list VALUES('0001',JLPT N5','Vocabulary from Peter van der Woude's www.jlptstudy.net');
INSERT INTO list_word VALUES('1576260','0001');
INSERT INTO list VALUES('0001',JLPT N5','Vocabulary from Peter van der Woude's www.jlptstudy.net');
INSERT INTO list_word VALUES('1268570','0001');
INSERT INTO list VALUES('0001',JLPT N5','Vocabulary from Peter van der Woude's www.jlptstudy.net');
INSERT INTO list_word VALUES('1163400','0001');
INSERT INTO list VALUES('0001',JLPT N5','Vocabulary from Peter van der Woude's www.jlptstudy.net');
INSERT INTO list_word VALUES('1268070','0001');
INSERT INTO list VALUES('0001',JLPT N5','Vocabulary from Peter van der Woude's www.jlptstudy.net');
INSERT INTO list_word VALUES('1258330','0001');
INSERT INTO list VALUES('0001',JLPT N5','Vocabulary from Peter van der Woude's www.jlptstudy.net');
INSERT INTO list_word VALUES('1288850','0001');
INSERT INTO list VALUES('0001',JLPT N5','Vocabulary from Peter van der Woude's www.jlptstudy.net');
INSERT INTO list_word VALUES('1156800','0001');
INSERT INTO list VALUES('0001',JLPT N5','Vocabulary from Peter van der Woude's www.jlptstudy.net');
INSERT INTO list_word VALUES('1524590','0001');
INSERT INTO list VALUES('0001',JLPT N5','Vocabulary from Peter van der Woude's www.jlptstudy.net');
INSERT INTO list_word VALUES('1587610','0001');
INSERT INTO list VALUES('0001',JLPT N5','Vocabulary from Peter van der Woude's www.jlptstudy.net');
INSERT INTO list_word VALUES('2830360','0001');
INSERT INTO list VALUES('0001',JLPT N5','Vocabulary from Peter van der Woude's www.jlptstudy.net');
INSERT INTO list_word VALUES('1582820','0001');
INSERT INTO list VALUES('0001',JLPT N5','Vocabulary from Peter van der Woude's www.jlptstudy.net');
INSERT INTO list_word VALUES('1577980','0001');
INSERT INTO list VALUES('0001',JLPT N5','Vocabulary from Peter van der Woude's www.jlptstudy.net');
INSERT INTO list_word VALUES('1546640','0001');
INSERT INTO list VALUES('0001',JLPT N5','Vocabulary from Peter van der Woude's www.jlptstudy.net');
INSERT INTO list_word VALUES('1465610','0001');
INSERT INTO list VALUES('0001',JLPT N5','Vocabulary from Peter van der Woude's www.jlptstudy.net');
INSERT INTO list_word VALUES('1357600','0001');
INSERT INTO list VALUES('0001',JLPT N5','Vocabulary from Peter van der Woude's www.jlptstudy.net');
INSERT INTO list_word VALUES('1352130','0001');
INSERT INTO list VALUES('0001',JLPT N5','Vocabulary from Peter van der Woude's www.jlptstudy.net');
INSERT INTO list_word VALUES('1269410','0001');
INSERT INTO list VALUES('0001',JLPT N5','Vocabulary from Peter van der Woude's www.jlptstudy.net');
INSERT INTO list_word VALUES('1475480','0001');
INSERT INTO list VALUES('0001',JLPT N5','Vocabulary from Peter van der Woude's www.jlptstudy.net');
INSERT INTO list_word VALUES('1193180','0001');
INSERT INTO list VALUES('0001',JLPT N5','Vocabulary from Peter van der Woude's www.jlptstudy.net');
INSERT INTO list_word VALUES('1588120','0001');
INSERT INTO list VALUES('0001',JLPT N5','Vocabulary from Peter van der Woude's www.jlptstudy.net');
INSERT INTO list_word VALUES('1378690','0001');
INSERT INTO list VALUES('0001',JLPT N5','Vocabulary from Peter van der Woude's www.jlptstudy.net');
INSERT INTO list_word VALUES('1201190','0001');
INSERT INTO list VALUES('0001',JLPT N5','Vocabulary from Peter van der Woude's www.jlptstudy.net');
INSERT INTO list_word VALUES('1473950','0001');
INSERT INTO list VALUES('0001',JLPT N5','Vocabulary from Peter van der Woude's www.jlptstudy.net');
INSERT INTO list_word VALUES('1580340','0001');
INSERT INTO list VALUES('0001',JLPT N5','Vocabulary from Peter van der Woude's www.jlptstudy.net');
INSERT INTO list_word VALUES('1202270','0001');
INSERT INTO list VALUES('0001',JLPT N5','Vocabulary from Peter van der Woude's www.jlptstudy.net');
INSERT INTO list_word VALUES('2122310','0001');
INSERT INTO list VALUES('0001',JLPT N5','Vocabulary from Peter van der Woude's www.jlptstudy.net');
INSERT INTO list_word VALUES('1173720','0001');
INSERT INTO list VALUES('0001',JLPT N5','Vocabulary from Peter van der Woude's www.jlptstudy.net');
INSERT INTO list_word VALUES('1173750','0001');
INSERT INTO list VALUES('0001',JLPT N5','Vocabulary from Peter van der Woude's www.jlptstudy.net');
INSERT INTO list_word VALUES('1174420','0001');
INSERT INTO list VALUES('0001',JLPT N5','Vocabulary from Peter van der Woude's www.jlptstudy.net');
INSERT INTO list_word VALUES('1001140','0001');
INSERT INTO list VALUES('0001',JLPT N5','Vocabulary from Peter van der Woude's www.jlptstudy.net');
INSERT INTO list_word VALUES('1175140','0001');
INSERT INTO list VALUES('0001',JLPT N5','Vocabulary from Peter van der Woude's www.jlptstudy.net');
INSERT INTO list_word VALUES('1030630','0001');
INSERT INTO list VALUES('0001',JLPT N5','Vocabulary from Peter van der Woude's www.jlptstudy.net');
INSERT INTO list_word VALUES('1178590','0001');
INSERT INTO list VALUES('0001',JLPT N5','Vocabulary from Peter van der Woude's www.jlptstudy.net');
INSERT INTO list_word VALUES('1407460','0001');
INSERT INTO list VALUES('0001',JLPT N5','Vocabulary from Peter van der Woude's www.jlptstudy.net');
INSERT INTO list_word VALUES('1588880','0001');
INSERT INTO list VALUES('0001',JLPT N5','Vocabulary from Peter van der Woude's www.jlptstudy.net');
INSERT INTO list_word VALUES('1412890','0001');
INSERT INTO list VALUES('0001',JLPT N5','Vocabulary from Peter van der Woude's www.jlptstudy.net');
INSERT INTO list_word VALUES('1414220','0001');
INSERT INTO list VALUES('0001',JLPT N5','Vocabulary from Peter van der Woude's www.jlptstudy.net');
INSERT INTO list_word VALUES('1002650','0001');
INSERT INTO list VALUES('0001',JLPT N5','Vocabulary from Peter van der Woude's www.jlptstudy.net');
INSERT INTO list_word VALUES('1001710','0001');
INSERT INTO list VALUES('0001',JLPT N5','Vocabulary from Peter van der Woude's www.jlptstudy.net');
INSERT INTO list_word VALUES('1001820','0001');
INSERT INTO list VALUES('0001',JLPT N5','Vocabulary from Peter van der Woude's www.jlptstudy.net');
INSERT INTO list_word VALUES('1223640','0001');
INSERT INTO list VALUES('0001',JLPT N5','Vocabulary from Peter van der Woude's www.jlptstudy.net');
INSERT INTO list_word VALUES('1421850','0001');
INSERT INTO list VALUES('0001',JLPT N5','Vocabulary from Peter van der Woude's www.jlptstudy.net');
INSERT INTO list_word VALUES('1179330','0001');
INSERT INTO list VALUES('0001',JLPT N5','Vocabulary from Peter van der Woude's www.jlptstudy.net');
INSERT INTO list_word VALUES('1329015','0001');
INSERT INTO list VALUES('0001',JLPT N5','Vocabulary from Peter van der Woude's www.jlptstudy.net');
INSERT INTO list_word VALUES('1299685','0001');
INSERT INTO list VALUES('0001',JLPT N5','Vocabulary from Peter van der Woude's www.jlptstudy.net');
INSERT INTO list_word VALUES('1236900','0001');
INSERT INTO list VALUES('0001',JLPT N5','Vocabulary from Peter van der Woude's www.jlptstudy.net');
INSERT INTO list_word VALUES('1180470','0001');
INSERT INTO list VALUES('0001',JLPT N5','Vocabulary from Peter van der Woude's www.jlptstudy.net');
INSERT INTO list_word VALUES('2701360','0001');
INSERT INTO list VALUES('0001',JLPT N5','Vocabulary from Peter van der Woude's www.jlptstudy.net');
INSERT INTO list_word VALUES('1421970','0001');
INSERT INTO list VALUES('0001',JLPT N5','Vocabulary from Peter van der Woude's www.jlptstudy.net');
INSERT INTO list_word VALUES('1002430','0001');
INSERT INTO list VALUES('0001',JLPT N5','Vocabulary from Peter van der Woude's www.jlptstudy.net');
INSERT INTO list_word VALUES('1002100','0001');
INSERT INTO list VALUES('0001',JLPT N5','Vocabulary from Peter van der Woude's www.jlptstudy.net');
INSERT INTO list_word VALUES('1002590','0001');
INSERT INTO list VALUES('0001',JLPT N5','Vocabulary from Peter van der Woude's www.jlptstudy.net');
INSERT INTO list_word VALUES('1581930','0001');
INSERT INTO list VALUES('0001',JLPT N5','Vocabulary from Peter van der Woude's www.jlptstudy.net');
INSERT INTO list_word VALUES('1419990','0001');
INSERT INTO list VALUES('0001',JLPT N5','Vocabulary from Peter van der Woude's www.jlptstudy.net');
INSERT INTO list_word VALUES('1420010','0001');
INSERT INTO list VALUES('0001',JLPT N5','Vocabulary from Peter van der Woude's www.jlptstudy.net');
INSERT INTO list_word VALUES('1414170','0001');
INSERT INTO list VALUES('0001',JLPT N5','Vocabulary from Peter van der Woude's www.jlptstudy.net');
INSERT INTO list_word VALUES('1451750','0001');
INSERT INTO list VALUES('0001',JLPT N5','Vocabulary from Peter van der Woude's www.jlptstudy.net');
INSERT INTO list_word VALUES('1001830','0001');
INSERT INTO list VALUES('0001',JLPT N5','Vocabulary from Peter van der Woude's www.jlptstudy.net');
INSERT INTO list_word VALUES('1001990','0001');
INSERT INTO list VALUES('0001',JLPT N5','Vocabulary from Peter van der Woude's www.jlptstudy.net');
INSERT INTO list_word VALUES('2220600','0001');
INSERT INTO list VALUES('0001',JLPT N5','Vocabulary from Peter van der Woude's www.jlptstudy.net');
INSERT INTO list_word VALUES('1513065','0001');
INSERT INTO list VALUES('0001',JLPT N5','Vocabulary from Peter van der Woude's www.jlptstudy.net');
INSERT INTO list_word VALUES('1206050','0001');
INSERT INTO list VALUES('0001',JLPT N5','Vocabulary from Peter van der Woude's www.jlptstudy.net');
INSERT INTO list_word VALUES('1335750','0001');
INSERT INTO list VALUES('0001',JLPT N5','Vocabulary from Peter van der Woude's www.jlptstudy.net');
INSERT INTO list_word VALUES('1174340','0001');
INSERT INTO list VALUES('0001',JLPT N5','Vocabulary from Peter van der Woude's www.jlptstudy.net');
INSERT INTO list_word VALUES('1589500','0001');
INSERT INTO list VALUES('0001',JLPT N5','Vocabulary from Peter van der Woude's www.jlptstudy.net');
INSERT INTO list_word VALUES('1183720','0001');
INSERT INTO list VALUES('0001',JLPT N5','Vocabulary from Peter van der Woude's www.jlptstudy.net');
INSERT INTO list_word VALUES('1344930','0001');
INSERT INTO list VALUES('0001',JLPT N5','Vocabulary from Peter van der Woude's www.jlptstudy.net');
INSERT INTO list_word VALUES('1344970','0001');
INSERT INTO list VALUES('0001',JLPT N5','Vocabulary from Peter van der Woude's www.jlptstudy.net');
INSERT INTO list_word VALUES('1203620','0001');
INSERT INTO list VALUES('0001',JLPT N5','Vocabulary from Peter van der Woude's www.jlptstudy.net');
INSERT INTO list_word VALUES('1203650','0001');
INSERT INTO list VALUES('0001',JLPT N5','Vocabulary from Peter van der Woude's www.jlptstudy.net');
INSERT INTO list_word VALUES('1198550','0001');
INSERT INTO list VALUES('0001',JLPT N5','Vocabulary from Peter van der Woude's www.jlptstudy.net');
INSERT INTO list_word VALUES('1203090','0001');
INSERT INTO list VALUES('0001',JLPT N5','Vocabulary from Peter van der Woude's www.jlptstudy.net');
INSERT INTO list_word VALUES('1589730','0001');
INSERT INTO list VALUES('0001',JLPT N5','Vocabulary from Peter van der Woude's www.jlptstudy.net');
INSERT INTO list_word VALUES('1473740','0001');
INSERT INTO list VALUES('0001',JLPT N5','Vocabulary from Peter van der Woude's www.jlptstudy.net');
INSERT INTO list_word VALUES('1512130','0001');
INSERT INTO list VALUES('0001',JLPT N5','Vocabulary from Peter van der Woude's www.jlptstudy.net');
INSERT INTO list_word VALUES('1221270','0001');
INSERT INTO list VALUES('0001',JLPT N5','Vocabulary from Peter van der Woude's www.jlptstudy.net');
INSERT INTO list_word VALUES('1217730','0001');
INSERT INTO list VALUES('0001',JLPT N5','Vocabulary from Peter van der Woude's www.jlptstudy.net');
INSERT INTO list_word VALUES('1343950','0001');
INSERT INTO list VALUES('0001',JLPT N5','Vocabulary from Peter van der Woude's www.jlptstudy.net');
INSERT INTO list_word VALUES('1206900','0001');
INSERT INTO list VALUES('0001',JLPT N5','Vocabulary from Peter van der Woude's www.jlptstudy.net');
INSERT INTO list_word VALUES('1301940','0001');
INSERT INTO list VALUES('0001',JLPT N5','Vocabulary from Peter van der Woude's www.jlptstudy.net');
INSERT INTO list_word VALUES('1411160','0001');
INSERT INTO list VALUES('0001',JLPT N5','Vocabulary from Peter van der Woude's www.jlptstudy.net');
INSERT INTO list_word VALUES('1499720','0001');
INSERT INTO list VALUES('0001',JLPT N5','Vocabulary from Peter van der Woude's www.jlptstudy.net');
INSERT INTO list_word VALUES('1583720','0001');
INSERT INTO list VALUES('0001',JLPT N5','Vocabulary from Peter van der Woude's www.jlptstudy.net');
INSERT INTO list_word VALUES('1516925','0001');
INSERT INTO list VALUES('0001',JLPT N5','Vocabulary from Peter van der Woude's www.jlptstudy.net');
INSERT INTO list_word VALUES('1192150','0001');
INSERT INTO list VALUES('0001',JLPT N5','Vocabulary from Peter van der Woude's www.jlptstudy.net');
INSERT INTO list_word VALUES('1511600','0001');
INSERT INTO list VALUES('0001',JLPT N5','Vocabulary from Peter van der Woude's www.jlptstudy.net');
INSERT INTO list_word VALUES('1206730','0001');
INSERT INTO list VALUES('0001',JLPT N5','Vocabulary from Peter van der Woude's www.jlptstudy.net');
INSERT INTO list_word VALUES('1037670','0001');
INSERT INTO list VALUES('0001',JLPT N5','Vocabulary from Peter van der Woude's www.jlptstudy.net');
INSERT INTO list_word VALUES('1192280','0001');
INSERT INTO list VALUES('0001',JLPT N5','Vocabulary from Peter van der Woude's www.jlptstudy.net');
INSERT INTO list_word VALUES('1206110','0001');
INSERT INTO list VALUES('0001',JLPT N5','Vocabulary from Peter van der Woude's www.jlptstudy.net');
INSERT INTO list_word VALUES('1194870','0001');
INSERT INTO list VALUES('0001',JLPT N5','Vocabulary from Peter van der Woude's www.jlptstudy.net');
INSERT INTO list_word VALUES('1311530','0001');
INSERT INTO list VALUES('0001',JLPT N5','Vocabulary from Peter van der Woude's www.jlptstudy.net');
INSERT INTO list_word VALUES('1038350','0001');
INSERT INTO list VALUES('0001',JLPT N5','Vocabulary from Peter van der Woude's www.jlptstudy.net');
INSERT INTO list_word VALUES('1194290','0001');
INSERT INTO list VALUES('0001',JLPT N5','Vocabulary from Peter van der Woude's www.jlptstudy.net');
INSERT INTO list_word VALUES('1365850','0001');
INSERT INTO list VALUES('0001',JLPT N5','Vocabulary from Peter van der Woude's www.jlptstudy.net');
INSERT INTO list_word VALUES('1409140','0001');
INSERT INTO list VALUES('0001',JLPT N5','Vocabulary from Peter van der Woude's www.jlptstudy.net');
INSERT INTO list_word VALUES('1323560','0001');
INSERT INTO list VALUES('0001',JLPT N5','Vocabulary from Peter van der Woude's www.jlptstudy.net');
INSERT INTO list_word VALUES('1252560','0001');
INSERT INTO list VALUES('0001',JLPT N5','Vocabulary from Peter van der Woude's www.jlptstudy.net');
INSERT INTO list_word VALUES('1039220','0001');
INSERT INTO list VALUES('0001',JLPT N5','Vocabulary from Peter van der Woude's www.jlptstudy.net');
INSERT INTO list_word VALUES('1213170','0001');
INSERT INTO list VALUES('0001',JLPT N5','Vocabulary from Peter van der Woude's www.jlptstudy.net');
INSERT INTO list_word VALUES('1534520','0001');
INSERT INTO list VALUES('0001',JLPT N5','Vocabulary from Peter van der Woude's www.jlptstudy.net');
INSERT INTO list_word VALUES('1576760','0001');
INSERT INTO list VALUES('0001',JLPT N5','Vocabulary from Peter van der Woude's www.jlptstudy.net');
INSERT INTO list_word VALUES('1182030','0001');
INSERT INTO list VALUES('0001',JLPT N5','Vocabulary from Peter van der Woude's www.jlptstudy.net');
INSERT INTO list_word VALUES('1350040','0001');
INSERT INTO list VALUES('0001',JLPT N5','Vocabulary from Peter van der Woude's www.jlptstudy.net');
INSERT INTO list_word VALUES('1591110','0001');
INSERT INTO list VALUES('0001',JLPT N5','Vocabulary from Peter van der Woude's www.jlptstudy.net');
INSERT INTO list_word VALUES('1520670','0001');
INSERT INTO list VALUES('0001',JLPT N5','Vocabulary from Peter van der Woude's www.jlptstudy.net');
INSERT INTO list_word VALUES('1042820','0001');
INSERT INTO list VALUES('0001',JLPT N5','Vocabulary from Peter van der Woude's www.jlptstudy.net');
INSERT INTO list_word VALUES('1178940','0001');
INSERT INTO list VALUES('0001',JLPT N5','Vocabulary from Peter van der Woude's www.jlptstudy.net');
INSERT INTO list_word VALUES('1226440','0001');
INSERT INTO list VALUES('0001',JLPT N5','Vocabulary from Peter van der Woude's www.jlptstudy.net');
INSERT INTO list_word VALUES('1385070','0001');
INSERT INTO list VALUES('0001',JLPT N5','Vocabulary from Peter van der Woude's www.jlptstudy.net');
INSERT INTO list_word VALUES('1385170','0001');
INSERT INTO list VALUES('0001',JLPT N5','Vocabulary from Peter van der Woude's www.jlptstudy.net');
INSERT INTO list_word VALUES('1579260','0001');
INSERT INTO list VALUES('0001',JLPT N5','Vocabulary from Peter van der Woude's www.jlptstudy.net');
INSERT INTO list_word VALUES('1578150','0001');
INSERT INTO list VALUES('0001',JLPT N5','Vocabulary from Peter van der Woude's www.jlptstudy.net');
INSERT INTO list_word VALUES('2744250','0001');
INSERT INTO list VALUES('0001',JLPT N5','Vocabulary from Peter van der Woude's www.jlptstudy.net');
INSERT INTO list_word VALUES('1231580','0001');
INSERT INTO list VALUES('0001',JLPT N5','Vocabulary from Peter van der Woude's www.jlptstudy.net');
INSERT INTO list_word VALUES('1231590','0001');
INSERT INTO list VALUES('0001',JLPT N5','Vocabulary from Peter van der Woude's www.jlptstudy.net');
INSERT INTO list_word VALUES('1579110','0001');
INSERT INTO list VALUES('0001',JLPT N5','Vocabulary from Peter van der Woude's www.jlptstudy.net');
INSERT INTO list_word VALUES('1237150','0001');
INSERT INTO list VALUES('0001',JLPT N5','Vocabulary from Peter van der Woude's www.jlptstudy.net');
INSERT INTO list_word VALUES('1249960','0001');
INSERT INTO list VALUES('0001',JLPT N5','Vocabulary from Peter van der Woude's www.jlptstudy.net');
INSERT INTO list_word VALUES('1231690','0001');
INSERT INTO list VALUES('0001',JLPT N5','Vocabulary from Peter van der Woude's www.jlptstudy.net');
INSERT INTO list_word VALUES('1257240','0001');
INSERT INTO list VALUES('0001',JLPT N5','Vocabulary from Peter van der Woude's www.jlptstudy.net');
INSERT INTO list_word VALUES('1384830','0001');
INSERT INTO list VALUES('0001',JLPT N5','Vocabulary from Peter van der Woude's www.jlptstudy.net');
INSERT INTO list_word VALUES('1423000','0001');
INSERT INTO list VALUES('0001',JLPT N5','Vocabulary from Peter van der Woude's www.jlptstudy.net');
INSERT INTO list_word VALUES('1243490','0001');
INSERT INTO list VALUES('0001',JLPT N5','Vocabulary from Peter van der Woude's www.jlptstudy.net');
INSERT INTO list_word VALUES('1243320','0001');
INSERT INTO list VALUES('0001',JLPT N5','Vocabulary from Peter van der Woude's www.jlptstudy.net');
INSERT INTO list_word VALUES('1538160','0001');
INSERT INTO list VALUES('0001',JLPT N5','Vocabulary from Peter van der Woude's www.jlptstudy.net');
INSERT INTO list_word VALUES('1193060','0001');
INSERT INTO list VALUES('0001',JLPT N5','Vocabulary from Peter van der Woude's www.jlptstudy.net');
INSERT INTO list_word VALUES('1275640','0001');
INSERT INTO list VALUES('0001',JLPT N5','Vocabulary from Peter van der Woude's www.jlptstudy.net');
INSERT INTO list_word VALUES('1246700','0001');
INSERT INTO list VALUES('0001',JLPT N5','Vocabulary from Peter van der Woude's www.jlptstudy.net');
INSERT INTO list_word VALUES('1246740','0001');
INSERT INTO list VALUES('0001',JLPT N5','Vocabulary from Peter van der Woude's www.jlptstudy.net');
INSERT INTO list_word VALUES('1592250','0001');
INSERT INTO list VALUES('0001',JLPT N5','Vocabulary from Peter van der Woude's www.jlptstudy.net');
INSERT INTO list_word VALUES('1592340','0001');
INSERT INTO list VALUES('0001',JLPT N5','Vocabulary from Peter van der Woude's www.jlptstudy.net');
INSERT INTO list_word VALUES('1457560','0001');
INSERT INTO list VALUES('0001',JLPT N5','Vocabulary from Peter van der Woude's www.jlptstudy.net');
INSERT INTO list_word VALUES('1154330','0001');
INSERT INTO list VALUES('0001',JLPT N5','Vocabulary from Peter van der Woude's www.jlptstudy.net');
INSERT INTO list_word VALUES('1154340','0001');
INSERT INTO list VALUES('0001',JLPT N5','Vocabulary from Peter van der Woude's www.jlptstudy.net');
INSERT INTO list_word VALUES('1044070','0001');
INSERT INTO list VALUES('0001',JLPT N5','Vocabulary from Peter van der Woude's www.jlptstudy.net');
INSERT INTO list_word VALUES('1547720','0001');
INSERT INTO list VALUES('0001',JLPT N5','Vocabulary from Peter van der Woude's www.jlptstudy.net');
INSERT INTO list_word VALUES('1323080','0001');
INSERT INTO list VALUES('0001',JLPT N5','Vocabulary from Peter van der Woude's www.jlptstudy.net');
INSERT INTO list_word VALUES('1287410','0001');
INSERT INTO list VALUES('0001',JLPT N5','Vocabulary from Peter van der Woude's www.jlptstudy.net');
INSERT INTO list_word VALUES('1287420','0001');
INSERT INTO list VALUES('0001',JLPT N5','Vocabulary from Peter van der Woude's www.jlptstudy.net');
INSERT INTO list_word VALUES('1252330','0001');
INSERT INTO list VALUES('0001',JLPT N5','Vocabulary from Peter van der Woude's www.jlptstudy.net');
INSERT INTO list_word VALUES('1579100','0001');
INSERT INTO list VALUES('0001',JLPT N5','Vocabulary from Peter van der Woude's www.jlptstudy.net');
INSERT INTO list_word VALUES('1350110','0001');
INSERT INTO list VALUES('0001',JLPT N5','Vocabulary from Peter van der Woude's www.jlptstudy.net');
INSERT INTO list_word VALUES('1254760','0001');
INSERT INTO list VALUES('0001',JLPT N5','Vocabulary from Peter van der Woude's www.jlptstudy.net');
INSERT INTO list_word VALUES('1255890','0001');
INSERT INTO list VALUES('0001',JLPT N5','Vocabulary from Peter van der Woude's www.jlptstudy.net');
INSERT INTO list_word VALUES('1263400','0001');
INSERT INTO list VALUES('0001',JLPT N5','Vocabulary from Peter van der Woude's www.jlptstudy.net');
INSERT INTO list_word VALUES('1260720','0001');
INSERT INTO list VALUES('0001',JLPT N5','Vocabulary from Peter van der Woude's www.jlptstudy.net');
INSERT INTO list_word VALUES('1268060','0001');
INSERT INTO list VALUES('0001',JLPT N5','Vocabulary from Peter van der Woude's www.jlptstudy.net');
INSERT INTO list_word VALUES('1273270','0001');
INSERT INTO list VALUES('0001',JLPT N5','Vocabulary from Peter van der Woude's www.jlptstudy.net');
INSERT INTO list_word VALUES('1592970','0001');
INSERT INTO list VALUES('0001',JLPT N5','Vocabulary from Peter van der Woude's www.jlptstudy.net');
INSERT INTO list_word VALUES('1280770','0001');
INSERT INTO list VALUES('0001',JLPT N5','Vocabulary from Peter van der Woude's www.jlptstudy.net');
INSERT INTO list_word VALUES('1272500','0001');
INSERT INTO list VALUES('0001',JLPT N5','Vocabulary from Peter van der Woude's www.jlptstudy.net');
INSERT INTO list_word VALUES('1380440','0001');
INSERT INTO list VALUES('0001',JLPT N5','Vocabulary from Peter van der Woude's www.jlptstudy.net');
INSERT INTO list_word VALUES('1049000','0001');
INSERT INTO list VALUES('0001',JLPT N5','Vocabulary from Peter van der Woude's www.jlptstudy.net');
INSERT INTO list_word VALUES('1268990','0001');
INSERT INTO list VALUES('0001',JLPT N5','Vocabulary from Peter van der Woude's www.jlptstudy.net');
INSERT INTO list_word VALUES('1243850','0001');
INSERT INTO list VALUES('0001',JLPT N5','Vocabulary from Peter van der Woude's www.jlptstudy.net');
INSERT INTO list_word VALUES('1243600','0001');
INSERT INTO list VALUES('0001',JLPT N5','Vocabulary from Peter van der Woude's www.jlptstudy.net');
INSERT INTO list_word VALUES('1269060','0001');
INSERT INTO list VALUES('0001',JLPT N5','Vocabulary from Peter van der Woude's www.jlptstudy.net');
INSERT INTO list_word VALUES('1449540','0001');
INSERT INTO list VALUES('0001',JLPT N5','Vocabulary from Peter van der Woude's www.jlptstudy.net');
INSERT INTO list_word VALUES('1050390','0001');
INSERT INTO list VALUES('0001',JLPT N5','Vocabulary from Peter van der Woude's www.jlptstudy.net');
INSERT INTO list_word VALUES('1579130','0001');
INSERT INTO list VALUES('0001',JLPT N5','Vocabulary from Peter van der Woude's www.jlptstudy.net');
INSERT INTO list_word VALUES('1264540','0001');
INSERT INTO list VALUES('0001',JLPT N5','Vocabulary from Peter van der Woude's www.jlptstudy.net');
INSERT INTO list_word VALUES('1307850','0001');
INSERT INTO list VALUES('0001',JLPT N5','Vocabulary from Peter van der Woude's www.jlptstudy.net');
INSERT INTO list_word VALUES('1289590','0001');
INSERT INTO list VALUES('0001',JLPT N5','Vocabulary from Peter van der Woude's www.jlptstudy.net');
INSERT INTO list_word VALUES('2216120','0001');
INSERT INTO list VALUES('0001',JLPT N5','Vocabulary from Peter van der Woude's www.jlptstudy.net');
INSERT INTO list_word VALUES('1289100','0001');
INSERT INTO list VALUES('0001',JLPT N5','Vocabulary from Peter van der Woude's www.jlptstudy.net');
INSERT INTO list_word VALUES('1289220','0001');
INSERT INTO list VALUES('0001',JLPT N5','Vocabulary from Peter van der Woude's www.jlptstudy.net');
INSERT INTO list_word VALUES('1004880','0001');
INSERT INTO list VALUES('0001',JLPT N5','Vocabulary from Peter van der Woude's www.jlptstudy.net');
INSERT INTO list_word VALUES('1289470','0001');
INSERT INTO list VALUES('0001',JLPT N5','Vocabulary from Peter van der Woude's www.jlptstudy.net');
INSERT INTO list_word VALUES('1005110','0001');
INSERT INTO list VALUES('0001',JLPT N5','Vocabulary from Peter van der Woude's www.jlptstudy.net');
INSERT INTO list_word VALUES('1296970','0001');
INSERT INTO list VALUES('0001',JLPT N5','Vocabulary from Peter van der Woude's www.jlptstudy.net');
INSERT INTO list_word VALUES('1578010','0001');
INSERT INTO list VALUES('0001',JLPT N5','Vocabulary from Peter van der Woude's www.jlptstudy.net');
INSERT INTO list_word VALUES('1387210','0001');
INSERT INTO list VALUES('0001',JLPT N5','Vocabulary from Peter van der Woude's www.jlptstudy.net');
INSERT INTO list_word VALUES('1297210','0001');
INSERT INTO list VALUES('0001',JLPT N5','Vocabulary from Peter van der Woude's www.jlptstudy.net');
INSERT INTO list_word VALUES('2830594','0001');
INSERT INTO list VALUES('0001',JLPT N5','Vocabulary from Peter van der Woude's www.jlptstudy.net');
INSERT INTO list_word VALUES('1297960','0001');
INSERT INTO list VALUES('0001',JLPT N5','Vocabulary from Peter van der Woude's www.jlptstudy.net');
INSERT INTO list_word VALUES('1291330','0001');
INSERT INTO list VALUES('0001',JLPT N5','Vocabulary from Peter van der Woude's www.jlptstudy.net');
INSERT INTO list_word VALUES('2643150','0001');
INSERT INTO list VALUES('0001',JLPT N5','Vocabulary from Peter van der Woude's www.jlptstudy.net');
INSERT INTO list_word VALUES('1299400','0001');
INSERT INTO list VALUES('0001',JLPT N5','Vocabulary from Peter van der Woude's www.jlptstudy.net');
INSERT INTO list_word VALUES('1291600','0001');
INSERT INTO list VALUES('0001',JLPT N5','Vocabulary from Peter van der Woude's www.jlptstudy.net');
INSERT INTO list_word VALUES('1210360','0001');
INSERT INTO list VALUES('0001',JLPT N5','Vocabulary from Peter van der Woude's www.jlptstudy.net');
INSERT INTO list_word VALUES('1005340','0001');
INSERT INTO list VALUES('0001',JLPT N5','Vocabulary from Peter van der Woude's www.jlptstudy.net');
INSERT INTO list_word VALUES('1579350','0001');
INSERT INTO list VALUES('0001',JLPT N5','Vocabulary from Peter van der Woude's www.jlptstudy.net');
INSERT INTO list_word VALUES('1579470','0001');
INSERT INTO list VALUES('0001',JLPT N5','Vocabulary from Peter van der Woude's www.jlptstudy.net');
INSERT INTO list_word VALUES('2086640','0001');
INSERT INTO list VALUES('0001',JLPT N5','Vocabulary from Peter van der Woude's www.jlptstudy.net');
INSERT INTO list_word VALUES('1576630','0001');
INSERT INTO list VALUES('0001',JLPT N5','Vocabulary from Peter van der Woude's www.jlptstudy.net');
INSERT INTO list_word VALUES('1315920','0001');
INSERT INTO list VALUES('0001',JLPT N5','Vocabulary from Peter van der Woude's www.jlptstudy.net');
INSERT INTO list_word VALUES('1304970','0001');
INSERT INTO list VALUES('0001',JLPT N5','Vocabulary from Peter van der Woude's www.jlptstudy.net');
INSERT INTO list_word VALUES('1318970','0001');
INSERT INTO list VALUES('0001',JLPT N5','Vocabulary from Peter van der Woude's www.jlptstudy.net');
INSERT INTO list_word VALUES('1381820','0001');
INSERT INTO list VALUES('0001',JLPT N5','Vocabulary from Peter van der Woude's www.jlptstudy.net');
INSERT INTO list_word VALUES('1184140','0001');
INSERT INTO list VALUES('0001',JLPT N5','Vocabulary from Peter van der Woude's www.jlptstudy.net');
INSERT INTO list_word VALUES('1319210','0001');
INSERT INTO list VALUES('0001',JLPT N5','Vocabulary from Peter van der Woude's www.jlptstudy.net');
INSERT INTO list_word VALUES('1320760','0001');
INSERT INTO list VALUES('0001',JLPT N5','Vocabulary from Peter van der Woude's www.jlptstudy.net');
INSERT INTO list_word VALUES('1318290','0001');
INSERT INTO list VALUES('0001',JLPT N5','Vocabulary from Peter van der Woude's www.jlptstudy.net');
INSERT INTO list_word VALUES('1318400','0001');
INSERT INTO list VALUES('0001',JLPT N5','Vocabulary from Peter van der Woude's www.jlptstudy.net');
INSERT INTO list_word VALUES('1310730','0001');
INSERT INTO list VALUES('0001',JLPT N5','Vocabulary from Peter van der Woude's www.jlptstudy.net');
INSERT INTO list_word VALUES('1315140','0001');
INSERT INTO list VALUES('0001',JLPT N5','Vocabulary from Peter van der Woude's www.jlptstudy.net');
INSERT INTO list_word VALUES('1318610','0001');
INSERT INTO list VALUES('0001',JLPT N5','Vocabulary from Peter van der Woude's www.jlptstudy.net');
INSERT INTO list_word VALUES('1436560','0001');
INSERT INTO list VALUES('0001',JLPT N5','Vocabulary from Peter van der Woude's www.jlptstudy.net');
INSERT INTO list_word VALUES('1508590','0001');
INSERT INTO list VALUES('0001',JLPT N5','Vocabulary from Peter van der Woude's www.jlptstudy.net');
INSERT INTO list_word VALUES('2138460','0001');
INSERT INTO list VALUES('0001',JLPT N5','Vocabulary from Peter van der Woude's www.jlptstudy.net');
INSERT INTO list_word VALUES('1436570','0001');
INSERT INTO list VALUES('0001',JLPT N5','Vocabulary from Peter van der Woude's www.jlptstudy.net');
INSERT INTO list_word VALUES('2138460','0001');
INSERT INTO list VALUES('0001',JLPT N5','Vocabulary from Peter van der Woude's www.jlptstudy.net');
INSERT INTO list_word VALUES('1321900','0001');
INSERT INTO list VALUES('0001',JLPT N5','Vocabulary from Peter van der Woude's www.jlptstudy.net');
INSERT INTO list_word VALUES('1061520','0001');
INSERT INTO list VALUES('0001',JLPT N5','Vocabulary from Peter van der Woude's www.jlptstudy.net');
INSERT INTO list_word VALUES('1061820','0001');
INSERT INTO list VALUES('0001',JLPT N5','Vocabulary from Peter van der Woude's www.jlptstudy.net');
INSERT INTO list_word VALUES('1579840','0001');
INSERT INTO list VALUES('0001',JLPT N5','Vocabulary from Peter van der Woude's www.jlptstudy.net');
INSERT INTO list_word VALUES('1330290','0001');
INSERT INTO list VALUES('0001',JLPT N5','Vocabulary from Peter van der Woude's www.jlptstudy.net');
INSERT INTO list_word VALUES('1337270','0001');
INSERT INTO list VALUES('0001',JLPT N5','Vocabulary from Peter van der Woude's www.jlptstudy.net');
INSERT INTO list_word VALUES('1353320','0001');
INSERT INTO list VALUES('0001',JLPT N5','Vocabulary from Peter van der Woude's www.jlptstudy.net');
INSERT INTO list_word VALUES('1580480','0001');
INSERT INTO list VALUES('0001',JLPT N5','Vocabulary from Peter van der Woude's www.jlptstudy.net');
INSERT INTO list_word VALUES('1358550','0001');
INSERT INTO list VALUES('0001',JLPT N5','Vocabulary from Peter van der Woude's www.jlptstudy.net');
INSERT INTO list_word VALUES('1420470','0001');
INSERT INTO list VALUES('0001',JLPT N5','Vocabulary from Peter van der Woude's www.jlptstudy.net');
INSERT INTO list_word VALUES('1474900','0001');
INSERT INTO list VALUES('0001',JLPT N5','Vocabulary from Peter van der Woude's www.jlptstudy.net');
INSERT INTO list_word VALUES('1474910','0001');
INSERT INTO list VALUES('0001',JLPT N5','Vocabulary from Peter van der Woude's www.jlptstudy.net');
INSERT INTO list_word VALUES('1362360','0001');
INSERT INTO list VALUES('0001',JLPT N5','Vocabulary from Peter van der Woude's www.jlptstudy.net');
INSERT INTO list_word VALUES('1372190','0001');
INSERT INTO list VALUES('0001',JLPT N5','Vocabulary from Peter van der Woude's www.jlptstudy.net');
INSERT INTO list_word VALUES('1228260','0001');
INSERT INTO list VALUES('0001',JLPT N5','Vocabulary from Peter van der Woude's www.jlptstudy.net');
INSERT INTO list_word VALUES('1067470','0001');
INSERT INTO list VALUES('0001',JLPT N5','Vocabulary from Peter van der Woude's www.jlptstudy.net');
INSERT INTO list_word VALUES('1277450','0001');
INSERT INTO list VALUES('0001',JLPT N5','Vocabulary from Peter van der Woude's www.jlptstudy.net');
INSERT INTO list_word VALUES('1348910','0001');
INSERT INTO list VALUES('0001',JLPT N5','Vocabulary from Peter van der Woude's www.jlptstudy.net');
INSERT INTO list_word VALUES('1348870','0001');
INSERT INTO list VALUES('0001',JLPT N5','Vocabulary from Peter van der Woude's www.jlptstudy.net');
INSERT INTO list_word VALUES('1554370','0001');
INSERT INTO list VALUES('0001',JLPT N5','Vocabulary from Peter van der Woude's www.jlptstudy.net');
INSERT INTO list_word VALUES('1070790','0001');
INSERT INTO list VALUES('0001',JLPT N5','Vocabulary from Peter van der Woude's www.jlptstudy.net');
INSERT INTO list_word VALUES('1072590','0001');
INSERT INTO list VALUES('0001',JLPT N5','Vocabulary from Peter van der Woude's www.jlptstudy.net');
INSERT INTO list_word VALUES('1073210','0001');
INSERT INTO list VALUES('0001',JLPT N5','Vocabulary from Peter van der Woude's www.jlptstudy.net');
INSERT INTO list_word VALUES('1074260','0001');
INSERT INTO list VALUES('0001',JLPT N5','Vocabulary from Peter van der Woude's www.jlptstudy.net');
INSERT INTO list_word VALUES('1334040','0001');
INSERT INTO list VALUES('0001',JLPT N5','Vocabulary from Peter van der Woude's www.jlptstudy.net');
INSERT INTO list_word VALUES('1073900','0001');
INSERT INTO list VALUES('0001',JLPT N5','Vocabulary from Peter van der Woude's www.jlptstudy.net');
INSERT INTO list_word VALUES('1291800','0001');
INSERT INTO list VALUES('0001',JLPT N5','Vocabulary from Peter van der Woude's www.jlptstudy.net');
INSERT INTO list_word VALUES('1472650','0001');
INSERT INTO list VALUES('0001',JLPT N5','Vocabulary from Peter van der Woude's www.jlptstudy.net');
INSERT INTO list_word VALUES('1379380','0001');
INSERT INTO list VALUES('0001',JLPT N5','Vocabulary from Peter van der Woude's www.jlptstudy.net');
INSERT INTO list_word VALUES('1074270','0001');
INSERT INTO list VALUES('0001',JLPT N5','Vocabulary from Peter van der Woude's www.jlptstudy.net');
INSERT INTO list_word VALUES('1382590','0001');
INSERT INTO list VALUES('0001',JLPT N5','Vocabulary from Peter van der Woude's www.jlptstudy.net');
INSERT INTO list_word VALUES('1472740','0001');
INSERT INTO list VALUES('0001',JLPT N5','Vocabulary from Peter van der Woude's www.jlptstudy.net');
INSERT INTO list_word VALUES('1237680','0001');
INSERT INTO list VALUES('0001',JLPT N5','Vocabulary from Peter van der Woude's www.jlptstudy.net');
INSERT INTO list_word VALUES('1388740','0001');
INSERT INTO list VALUES('0001',JLPT N5','Vocabulary from Peter van der Woude's www.jlptstudy.net');
INSERT INTO list_word VALUES('1387500','0001');
INSERT INTO list VALUES('0001',JLPT N5','Vocabulary from Peter van der Woude's www.jlptstudy.net');
INSERT INTO list_word VALUES('1387870','0001');
INSERT INTO list VALUES('0001',JLPT N5','Vocabulary from Peter van der Woude's www.jlptstudy.net');
INSERT INTO list_word VALUES('1387990','0001');
INSERT INTO list VALUES('0001',JLPT N5','Vocabulary from Peter van der Woude's www.jlptstudy.net');
INSERT INTO list_word VALUES('1390980','0001');
INSERT INTO list VALUES('0001',JLPT N5','Vocabulary from Peter van der Woude's www.jlptstudy.net');
INSERT INTO list_word VALUES('1396130','0001');
INSERT INTO list VALUES('0001',JLPT N5','Vocabulary from Peter van der Woude's www.jlptstudy.net');
INSERT INTO list_word VALUES('1203250','0001');
INSERT INTO list VALUES('0001',JLPT N5','Vocabulary from Peter van der Woude's www.jlptstudy.net');
INSERT INTO list_word VALUES('1245290','0001');
INSERT INTO list VALUES('0001',JLPT N5','Vocabulary from Peter van der Woude's www.jlptstudy.net');
INSERT INTO list_word VALUES('1959910','0001');
INSERT INTO list VALUES('0001',JLPT N5','Vocabulary from Peter van der Woude's www.jlptstudy.net');
INSERT INTO list_word VALUES('2216210','0001');
INSERT INTO list VALUES('0001',JLPT N5','Vocabulary from Peter van der Woude's www.jlptstudy.net');
INSERT INTO list_word VALUES('1413240','0001');
INSERT INTO list VALUES('0001',JLPT N5','Vocabulary from Peter van der Woude's www.jlptstudy.net');
INSERT INTO list_word VALUES('1413890','0001');
INSERT INTO list VALUES('0001',JLPT N5','Vocabulary from Peter van der Woude's www.jlptstudy.net');
INSERT INTO list_word VALUES('1414150','0001');
INSERT INTO list VALUES('0001',JLPT N5','Vocabulary from Peter van der Woude's www.jlptstudy.net');
INSERT INTO list_word VALUES('1413660','0001');
INSERT INTO list VALUES('0001',JLPT N5','Vocabulary from Peter van der Woude's www.jlptstudy.net');
INSERT INTO list_word VALUES('1414340','0001');
INSERT INTO list VALUES('0001',JLPT N5','Vocabulary from Peter van der Woude's www.jlptstudy.net');
INSERT INTO list_word VALUES('1412640','0001');
INSERT INTO list VALUES('0001',JLPT N5','Vocabulary from Peter van der Woude's www.jlptstudy.net');
INSERT INTO list_word VALUES('1283190','0001');
INSERT INTO list VALUES('0001',JLPT N5','Vocabulary from Peter van der Woude's www.jlptstudy.net');
INSERT INTO list_word VALUES('1283190','0001');
INSERT INTO list VALUES('0001',JLPT N5','Vocabulary from Peter van der Woude's www.jlptstudy.net');
INSERT INTO list_word VALUES('1076190','0001');
INSERT INTO list VALUES('0001',JLPT N5','Vocabulary from Peter van der Woude's www.jlptstudy.net');
INSERT INTO list_word VALUES('1338180','0001');
INSERT INTO list VALUES('0001',JLPT N5','Vocabulary from Peter van der Woude's www.jlptstudy.net');
INSERT INTO list_word VALUES('1597040','0001');
INSERT INTO list VALUES('0001',JLPT N5','Vocabulary from Peter van der Woude's www.jlptstudy.net');
INSERT INTO list_word VALUES('1257540','0001');
INSERT INTO list VALUES('0001',JLPT N5','Vocabulary from Peter van der Woude's www.jlptstudy.net');
INSERT INTO list_word VALUES('1207240','0001');
INSERT INTO list VALUES('0001',JLPT N5','Vocabulary from Peter van der Woude's www.jlptstudy.net');
INSERT INTO list_word VALUES('1548370','0001');
INSERT INTO list VALUES('0001',JLPT N5','Vocabulary from Peter van der Woude's www.jlptstudy.net');
INSERT INTO list_word VALUES('1358340','0001');
INSERT INTO list VALUES('0001',JLPT N5','Vocabulary from Peter van der Woude's www.jlptstudy.net');
INSERT INTO list_word VALUES('1358280','0001');
INSERT INTO list VALUES('0001',JLPT N5','Vocabulary from Peter van der Woude's www.jlptstudy.net');
INSERT INTO list_word VALUES('1549140','0001');
INSERT INTO list VALUES('0001',JLPT N5','Vocabulary from Peter van der Woude's www.jlptstudy.net');
INSERT INTO list_word VALUES('1416830','0001');
INSERT INTO list VALUES('0001',JLPT N5','Vocabulary from Peter van der Woude's www.jlptstudy.net');
INSERT INTO list_word VALUES('1416840','0001');
INSERT INTO list VALUES('0001',JLPT N5','Vocabulary from Peter van der Woude's www.jlptstudy.net');
INSERT INTO list_word VALUES('1419110','0001');
INSERT INTO list VALUES('0001',JLPT N5','Vocabulary from Peter van der Woude's www.jlptstudy.net');
INSERT INTO list_word VALUES('2546180','0001');
INSERT INTO list VALUES('0001',JLPT N5','Vocabulary from Peter van der Woude's www.jlptstudy.net');
INSERT INTO list_word VALUES('1347750','0001');
INSERT INTO list VALUES('0001',JLPT N5','Vocabulary from Peter van der Woude's www.jlptstudy.net');
INSERT INTO list_word VALUES('2136180','0001');
INSERT INTO list VALUES('0001',JLPT N5','Vocabulary from Peter van der Woude's www.jlptstudy.net');
INSERT INTO list_word VALUES('1242130','0001');
INSERT INTO list VALUES('0001',JLPT N5','Vocabulary from Peter van der Woude's www.jlptstudy.net');
INSERT INTO list_word VALUES('1158880','0001');
INSERT INTO list VALUES('0001',JLPT N5','Vocabulary from Peter van der Woude's www.jlptstudy.net');
INSERT INTO list_word VALUES('1242160','0001');
INSERT INTO list VALUES('0001',JLPT N5','Vocabulary from Peter van der Woude's www.jlptstudy.net');
INSERT INTO list_word VALUES('1420900','0001');
INSERT INTO list VALUES('0001',JLPT N5','Vocabulary from Peter van der Woude's www.jlptstudy.net');
INSERT INTO list_word VALUES('1421290','0001');
INSERT INTO list VALUES('0001',JLPT N5','Vocabulary from Peter van der Woude's www.jlptstudy.net');
INSERT INTO list_word VALUES('1497610','0001');
INSERT INTO list VALUES('0001',JLPT N5','Vocabulary from Peter van der Woude's www.jlptstudy.net');
INSERT INTO list_word VALUES('1422720','0001');
INSERT INTO list VALUES('0001',JLPT N5','Vocabulary from Peter van der Woude's www.jlptstudy.net');
INSERT INTO list_word VALUES('2225040','0001');
INSERT INTO list VALUES('0001',JLPT N5','Vocabulary from Peter van der Woude's www.jlptstudy.net');
INSERT INTO list_word VALUES('1305990','0001');
INSERT INTO list VALUES('0001',JLPT N5','Vocabulary from Peter van der Woude's www.jlptstudy.net');
INSERT INTO list_word VALUES('1483740','0001');
INSERT INTO list VALUES('0001',JLPT N5','Vocabulary from Peter van der Woude's www.jlptstudy.net');
INSERT INTO list_word VALUES('1316380','0001');
INSERT INTO list VALUES('0001',JLPT N5','Vocabulary from Peter van der Woude's www.jlptstudy.net');
INSERT INTO list_word VALUES('1422970','0001');
INSERT INTO list VALUES('0001',JLPT N5','Vocabulary from Peter van der Woude's www.jlptstudy.net');
INSERT INTO list_word VALUES('1220210','0001');
INSERT INTO list VALUES('0001',JLPT N5','Vocabulary from Peter van der Woude's www.jlptstudy.net');
INSERT INTO list_word VALUES('1597890','0001');
INSERT INTO list VALUES('0001',JLPT N5','Vocabulary from Peter van der Woude's www.jlptstudy.net');
INSERT INTO list_word VALUES('1240825','0001');
INSERT INTO list VALUES('0001',JLPT N5','Vocabulary from Peter van der Woude's www.jlptstudy.net');
INSERT INTO list_word VALUES('1556730','0001');
INSERT INTO list VALUES('0001',JLPT N5','Vocabulary from Peter van der Woude's www.jlptstudy.net');
INSERT INTO list_word VALUES('1236070','0001');
INSERT INTO list VALUES('0001',JLPT N5','Vocabulary from Peter van der Woude's www.jlptstudy.net');
INSERT INTO list_word VALUES('1327190','0001');
INSERT INTO list VALUES('0001',JLPT N5','Vocabulary from Peter van der Woude's www.jlptstudy.net');
INSERT INTO list_word VALUES('2654270','0001');
INSERT INTO list VALUES('0001',JLPT N5','Vocabulary from Peter van der Woude's www.jlptstudy.net');
INSERT INTO list_word VALUES('1078750','0001');
INSERT INTO list VALUES('0001',JLPT N5','Vocabulary from Peter van der Woude's www.jlptstudy.net');
INSERT INTO list_word VALUES('1078810','0001');
INSERT INTO list VALUES('0001',JLPT N5','Vocabulary from Peter van der Woude's www.jlptstudy.net');
INSERT INTO list_word VALUES('1078630','0001');
INSERT INTO list VALUES('0001',JLPT N5','Vocabulary from Peter van der Woude's www.jlptstudy.net');
INSERT INTO list_word VALUES('1598550','0001');
INSERT INTO list VALUES('0001',JLPT N5','Vocabulary from Peter van der Woude's www.jlptstudy.net');
INSERT INTO list_word VALUES('1327720','0001');
INSERT INTO list VALUES('0001',JLPT N5','Vocabulary from Peter van der Woude's www.jlptstudy.net');
INSERT INTO list_word VALUES('1338850','0001');
INSERT INTO list VALUES('0001',JLPT N5','Vocabulary from Peter van der Woude's www.jlptstudy.net');
INSERT INTO list_word VALUES('1079760','0001');
INSERT INTO list VALUES('0001',JLPT N5','Vocabulary from Peter van der Woude's www.jlptstudy.net');
INSERT INTO list_word VALUES('1008450','0001');
INSERT INTO list VALUES('0001',JLPT N5','Vocabulary from Peter van der Woude's www.jlptstudy.net');
INSERT INTO list_word VALUES('1083590','0001');
INSERT INTO list VALUES('0001',JLPT N5','Vocabulary from Peter van der Woude's www.jlptstudy.net');
INSERT INTO list_word VALUES('1008460','0001');
INSERT INTO list VALUES('0001',JLPT N5','Vocabulary from Peter van der Woude's www.jlptstudy.net');
INSERT INTO list_word VALUES('1338240','0001');
INSERT INTO list VALUES('0001',JLPT N5','Vocabulary from Peter van der Woude's www.jlptstudy.net');
INSERT INTO list_word VALUES('1080510','0001');
INSERT INTO list VALUES('0001',JLPT N5','Vocabulary from Peter van der Woude's www.jlptstudy.net');
INSERT INTO list_word VALUES('1438690','0001');
INSERT INTO list VALUES('0001',JLPT N5','Vocabulary from Peter van der Woude's www.jlptstudy.net');
INSERT INTO list_word VALUES('1443000','0001');
INSERT INTO list VALUES('0001',JLPT N5','Vocabulary from Peter van der Woude's www.jlptstudy.net');
INSERT INTO list_word VALUES('1443530','0001');
INSERT INTO list VALUES('0001',JLPT N5','Vocabulary from Peter van der Woude's www.jlptstudy.net');
INSERT INTO list_word VALUES('1443840','0001');
INSERT INTO list VALUES('0001',JLPT N5','Vocabulary from Peter van der Woude's www.jlptstudy.net');
INSERT INTO list_word VALUES('1008490','0001');
INSERT INTO list VALUES('0001',JLPT N5','Vocabulary from Peter van der Woude's www.jlptstudy.net');
INSERT INTO list_word VALUES('1266970','0001');
INSERT INTO list VALUES('0001',JLPT N5','Vocabulary from Peter van der Woude's www.jlptstudy.net');
INSERT INTO list_word VALUES('1087820','0001');
INSERT INTO list VALUES('0001',JLPT N5','Vocabulary from Peter van der Woude's www.jlptstudy.net');
INSERT INTO list_word VALUES('1084810','0001');
INSERT INTO list VALUES('0001',JLPT N5','Vocabulary from Peter van der Woude's www.jlptstudy.net');
INSERT INTO list_word VALUES('2255350','0001');
INSERT INTO list VALUES('0001',JLPT N5','Vocabulary from Peter van der Woude's www.jlptstudy.net');
INSERT INTO list_word VALUES('1189130','0001');
INSERT INTO list VALUES('0001',JLPT N5','Vocabulary from Peter van der Woude's www.jlptstudy.net');
INSERT INTO list_word VALUES('1451470','0001');
INSERT INTO list VALUES('0001',JLPT N5','Vocabulary from Peter van der Woude's www.jlptstudy.net');
INSERT INTO list_word VALUES('1009000','0001');
INSERT INTO list VALUES('0001',JLPT N5','Vocabulary from Peter van der Woude's www.jlptstudy.net');
INSERT INTO list_word VALUES('1177800','0001');
INSERT INTO list VALUES('0001',JLPT N5','Vocabulary from Peter van der Woude's www.jlptstudy.net');
INSERT INTO list_word VALUES('1335000','0001');
INSERT INTO list VALUES('0001',JLPT N5','Vocabulary from Peter van der Woude's www.jlptstudy.net');
INSERT INTO list_word VALUES('1598680','0001');
INSERT INTO list VALUES('0001',JLPT N5','Vocabulary from Peter van der Woude's www.jlptstudy.net');
INSERT INTO list_word VALUES('1316140','0001');
INSERT INTO list VALUES('0001',JLPT N5','Vocabulary from Peter van der Woude's www.jlptstudy.net');
INSERT INTO list_word VALUES('1343100','0001');
INSERT INTO list VALUES('0001',JLPT N5','Vocabulary from Peter van der Woude's www.jlptstudy.net');
INSERT INTO list_word VALUES('1468060','0001');
INSERT INTO list VALUES('0001',JLPT N5','Vocabulary from Peter van der Woude's www.jlptstudy.net');
INSERT INTO list_word VALUES('1370420','0001');
INSERT INTO list VALUES('0001',JLPT N5','Vocabulary from Peter van der Woude's www.jlptstudy.net');
INSERT INTO list_word VALUES('1555830','0001');
INSERT INTO list VALUES('0001',JLPT N5','Vocabulary from Peter van der Woude's www.jlptstudy.net');
INSERT INTO list_word VALUES('1429700','0001');
INSERT INTO list VALUES('0001',JLPT N5','Vocabulary from Peter van der Woude's www.jlptstudy.net');
INSERT INTO list_word VALUES('1310620','0001');
INSERT INTO list VALUES('0001',JLPT N5','Vocabulary from Peter van der Woude's www.jlptstudy.net');
INSERT INTO list_word VALUES('1540170','0001');
INSERT INTO list VALUES('0001',JLPT N5','Vocabulary from Peter van der Woude's www.jlptstudy.net');
INSERT INTO list_word VALUES('1445590','0001');
INSERT INTO list VALUES('0001',JLPT N5','Vocabulary from Peter van der Woude's www.jlptstudy.net');
INSERT INTO list_word VALUES('1430250','0001');
INSERT INTO list VALUES('0001',JLPT N5','Vocabulary from Peter van der Woude's www.jlptstudy.net');
INSERT INTO list_word VALUES('1326980','0001');
INSERT INTO list VALUES('0001',JLPT N5','Vocabulary from Peter van der Woude's www.jlptstudy.net');
INSERT INTO list_word VALUES('2394890','0001');
INSERT INTO list VALUES('0001',JLPT N5','Vocabulary from Peter van der Woude's www.jlptstudy.net');
INSERT INTO list_word VALUES('1298790','0001');
INSERT INTO list VALUES('0001',JLPT N5','Vocabulary from Peter van der Woude's www.jlptstudy.net');
INSERT INTO list_word VALUES('2394890','0001');
INSERT INTO list VALUES('0001',JLPT N5','Vocabulary from Peter van der Woude's www.jlptstudy.net');
INSERT INTO list_word VALUES('1009330','0001');
INSERT INTO list VALUES('0001',JLPT N5','Vocabulary from Peter van der Woude's www.jlptstudy.net');
INSERT INTO list_word VALUES('2257550','0001');
INSERT INTO list VALUES('0001',JLPT N5','Vocabulary from Peter van der Woude's www.jlptstudy.net');
INSERT INTO list_word VALUES('1089890','0001');
INSERT INTO list VALUES('0001',JLPT N5','Vocabulary from Peter van der Woude's www.jlptstudy.net');
INSERT INTO list_word VALUES('1423310','0001');
INSERT INTO list VALUES('0001',JLPT N5','Vocabulary from Peter van der Woude's www.jlptstudy.net');
INSERT INTO list_word VALUES('1429750','0001');
INSERT INTO list VALUES('0001',JLPT N5','Vocabulary from Peter van der Woude's www.jlptstudy.net');
INSERT INTO list_word VALUES('1532870','0001');
INSERT INTO list VALUES('0001',JLPT N5','Vocabulary from Peter van der Woude's www.jlptstudy.net');
INSERT INTO list_word VALUES('1529530','0001');
INSERT INTO list VALUES('0001',JLPT N5','Vocabulary from Peter van der Woude's www.jlptstudy.net');
INSERT INTO list_word VALUES('1191320','0001');
INSERT INTO list VALUES('0001',JLPT N5','Vocabulary from Peter van der Woude's www.jlptstudy.net');
INSERT INTO list_word VALUES('1191420','0001');
INSERT INTO list VALUES('0001',JLPT N5','Vocabulary from Peter van der Woude's www.jlptstudy.net');
INSERT INTO list_word VALUES('1319220','0001');
INSERT INTO list VALUES('0001',JLPT N5','Vocabulary from Peter van der Woude's www.jlptstudy.net');
INSERT INTO list_word VALUES('1579630','0001');
INSERT INTO list VALUES('0001',JLPT N5','Vocabulary from Peter van der Woude's www.jlptstudy.net');
INSERT INTO list_word VALUES('1531710','0001');
INSERT INTO list VALUES('0001',JLPT N5','Vocabulary from Peter van der Woude's www.jlptstudy.net');
INSERT INTO list_word VALUES('1333070','0001');
INSERT INTO list VALUES('0001',JLPT N5','Vocabulary from Peter van der Woude's www.jlptstudy.net');
INSERT INTO list_word VALUES('1508380','0001');
INSERT INTO list VALUES('0001',JLPT N5','Vocabulary from Peter van der Woude's www.jlptstudy.net');
INSERT INTO list_word VALUES('1508390','0001');
INSERT INTO list VALUES('0001',JLPT N5','Vocabulary from Peter van der Woude's www.jlptstudy.net');
INSERT INTO list_word VALUES('2138260','0001');
INSERT INTO list VALUES('0001',JLPT N5','Vocabulary from Peter van der Woude's www.jlptstudy.net');
INSERT INTO list_word VALUES('1461140','0001');
INSERT INTO list VALUES('0001',JLPT N5','Vocabulary from Peter van der Woude's www.jlptstudy.net');
INSERT INTO list_word VALUES('2028990','0001');
INSERT INTO list VALUES('0001',JLPT N5','Vocabulary from Peter van der Woude's www.jlptstudy.net');
INSERT INTO list_word VALUES('1463520','0001');
INSERT INTO list VALUES('0001',JLPT N5','Vocabulary from Peter van der Woude's www.jlptstudy.net');
INSERT INTO list_word VALUES('1380840','0001');
INSERT INTO list VALUES('0001',JLPT N5','Vocabulary from Peter van der Woude's www.jlptstudy.net');
INSERT INTO list_word VALUES('1464900','0001');
INSERT INTO list VALUES('0001',JLPT N5','Vocabulary from Peter van der Woude's www.jlptstudy.net');
INSERT INTO list_word VALUES('1195430','0001');
INSERT INTO list VALUES('0001',JLPT N5','Vocabulary from Peter van der Woude's www.jlptstudy.net');
INSERT INTO list_word VALUES('1091500','0001');
INSERT INTO list VALUES('0001',JLPT N5','Vocabulary from Peter van der Woude's www.jlptstudy.net');
INSERT INTO list_word VALUES('1436130','0001');
INSERT INTO list VALUES('0001',JLPT N5','Vocabulary from Peter van der Woude's www.jlptstudy.net');
INSERT INTO list_word VALUES('1416400','0001');
INSERT INTO list VALUES('0001',JLPT N5','Vocabulary from Peter van der Woude's www.jlptstudy.net');
INSERT INTO list_word VALUES('1183300','0001');
INSERT INTO list VALUES('0001',JLPT N5','Vocabulary from Peter van der Woude's www.jlptstudy.net');
INSERT INTO list_word VALUES('1092820','0001');
INSERT INTO list VALUES('0001',JLPT N5','Vocabulary from Peter van der Woude's www.jlptstudy.net');
INSERT INTO list_word VALUES('1467640','0001');
INSERT INTO list VALUES('0001',JLPT N5','Vocabulary from Peter van der Woude's www.jlptstudy.net');
INSERT INTO list_word VALUES('1360010','0001');
INSERT INTO list VALUES('0001',JLPT N5','Vocabulary from Peter van der Woude's www.jlptstudy.net');
INSERT INTO list_word VALUES('1093450','0001');
INSERT INTO list VALUES('0001',JLPT N5','Vocabulary from Peter van der Woude's www.jlptstudy.net');
INSERT INTO list_word VALUES('1600430','0001');
INSERT INTO list VALUES('0001',JLPT N5','Vocabulary from Peter van der Woude's www.jlptstudy.net');
INSERT INTO list_word VALUES('1169870','0001');
INSERT INTO list VALUES('0001',JLPT N5','Vocabulary from Peter van der Woude's www.jlptstudy.net');
INSERT INTO list_word VALUES('1355120','0001');
INSERT INTO list VALUES('0001',JLPT N5','Vocabulary from Peter van der Woude's www.jlptstudy.net');
INSERT INTO list_word VALUES('1313000','0001');
INSERT INTO list VALUES('0001',JLPT N5','Vocabulary from Peter van der Woude's www.jlptstudy.net');
INSERT INTO list_word VALUES('2028920','0001');
INSERT INTO list VALUES('0001',JLPT N5','Vocabulary from Peter van der Woude's www.jlptstudy.net');
INSERT INTO list_word VALUES('1010080','0001');
INSERT INTO list VALUES('0001',JLPT N5','Vocabulary from Peter van der Woude's www.jlptstudy.net');
INSERT INTO list_word VALUES('1201940','0001');
INSERT INTO list VALUES('0001',JLPT N5','Vocabulary from Peter van der Woude's www.jlptstudy.net');
INSERT INTO list_word VALUES('1465590','0001');
INSERT INTO list VALUES('0001',JLPT N5','Vocabulary from Peter van der Woude's www.jlptstudy.net');
INSERT INTO list_word VALUES('1546590','0001');
INSERT INTO list VALUES('0001',JLPT N5','Vocabulary from Peter van der Woude's www.jlptstudy.net');
INSERT INTO list_word VALUES('1585650','0001');
INSERT INTO list VALUES('0001',JLPT N5','Vocabulary from Peter van der Woude's www.jlptstudy.net');
INSERT INTO list_word VALUES('1237410','0001');
INSERT INTO list VALUES('0001',JLPT N5','Vocabulary from Peter van der Woude's www.jlptstudy.net');
INSERT INTO list_word VALUES('1307500','0001');
INSERT INTO list VALUES('0001',JLPT N5','Vocabulary from Peter van der Woude's www.jlptstudy.net');
INSERT INTO list_word VALUES('1342550','0001');
INSERT INTO list VALUES('0001',JLPT N5','Vocabulary from Peter van der Woude's www.jlptstudy.net');
INSERT INTO list_word VALUES('1402540','0001');
INSERT INTO list VALUES('0001',JLPT N5','Vocabulary from Peter van der Woude's www.jlptstudy.net');
INSERT INTO list_word VALUES('1098390','0001');
INSERT INTO list VALUES('0001',JLPT N5','Vocabulary from Peter van der Woude's www.jlptstudy.net');
INSERT INTO list_word VALUES('1098620','0001');
INSERT INTO list VALUES('0001',JLPT N5','Vocabulary from Peter van der Woude's www.jlptstudy.net');
INSERT INTO list_word VALUES('1600790','0001');
INSERT INTO list VALUES('0001',JLPT N5','Vocabulary from Peter van der Woude's www.jlptstudy.net');
INSERT INTO list_word VALUES('1451150','0001');
INSERT INTO list VALUES('0001',JLPT N5','Vocabulary from Peter van der Woude's www.jlptstudy.net');
INSERT INTO list_word VALUES('1583090','0001');
INSERT INTO list VALUES('0001',JLPT N5','Vocabulary from Peter van der Woude's www.jlptstudy.net');
INSERT INTO list_word VALUES('1600850','0001');
INSERT INTO list VALUES('0001',JLPT N5','Vocabulary from Peter van der Woude's www.jlptstudy.net');
INSERT INTO list_word VALUES('1194500','0001');
INSERT INTO list VALUES('0001',JLPT N5','Vocabulary from Peter van der Woude's www.jlptstudy.net');
INSERT INTO list_word VALUES('1486720','0001');
INSERT INTO list VALUES('0001',JLPT N5','Vocabulary from Peter van der Woude's www.jlptstudy.net');
INSERT INTO list_word VALUES('1600900','0001');
INSERT INTO list VALUES('0001',JLPT N5','Vocabulary from Peter van der Woude's www.jlptstudy.net');
INSERT INTO list_word VALUES('1562350','0001');
INSERT INTO list VALUES('0001',JLPT N5','Vocabulary from Peter van der Woude's www.jlptstudy.net');
INSERT INTO list_word VALUES('1514990','0001');
INSERT INTO list VALUES('0001',JLPT N5','Vocabulary from Peter van der Woude's www.jlptstudy.net');
INSERT INTO list_word VALUES('1404975','0001');
INSERT INTO list VALUES('0001',JLPT N5','Vocabulary from Peter van der Woude's www.jlptstudy.net');
INSERT INTO list_word VALUES('1341000','0001');
INSERT INTO list VALUES('0001',JLPT N5','Vocabulary from Peter van der Woude's www.jlptstudy.net');
INSERT INTO list_word VALUES('2113630','0001');
INSERT INTO list VALUES('0001',JLPT N5','Vocabulary from Peter van der Woude's www.jlptstudy.net');
INSERT INTO list_word VALUES('2113630','0001');
INSERT INTO list VALUES('0001',JLPT N5','Vocabulary from Peter van der Woude's www.jlptstudy.net');
INSERT INTO list_word VALUES('1376460','0001');
INSERT INTO list VALUES('0001',JLPT N5','Vocabulary from Peter van der Woude's www.jlptstudy.net');
INSERT INTO list_word VALUES('2837416','0001');
INSERT INTO list VALUES('0001',JLPT N5','Vocabulary from Peter van der Woude's www.jlptstudy.net');
INSERT INTO list_word VALUES('1376470','0001');
INSERT INTO list VALUES('0001',JLPT N5','Vocabulary from Peter van der Woude's www.jlptstudy.net');
INSERT INTO list_word VALUES('1478750','0001');
INSERT INTO list VALUES('0001',JLPT N5','Vocabulary from Peter van der Woude's www.jlptstudy.net');
INSERT INTO list_word VALUES('2130480','0001');
INSERT INTO list VALUES('0001',JLPT N5','Vocabulary from Peter van der Woude's www.jlptstudy.net');
INSERT INTO list_word VALUES('1482110','0001');
INSERT INTO list VALUES('0001',JLPT N5','Vocabulary from Peter van der Woude's www.jlptstudy.net');
INSERT INTO list_word VALUES('1103090','0001');
INSERT INTO list VALUES('0001',JLPT N5','Vocabulary from Peter van der Woude's www.jlptstudy.net');
INSERT INTO list_word VALUES('1096420','0001');
INSERT INTO list VALUES('0001',JLPT N5','Vocabulary from Peter van der Woude's www.jlptstudy.net');
INSERT INTO list_word VALUES('1482290','0001');
INSERT INTO list VALUES('0001',JLPT N5','Vocabulary from Peter van der Woude's www.jlptstudy.net');
INSERT INTO list_word VALUES('1601340','0001');
INSERT INTO list VALUES('0001',JLPT N5','Vocabulary from Peter van der Woude's www.jlptstudy.net');
INSERT INTO list_word VALUES('1479890','0001');
INSERT INTO list VALUES('0001',JLPT N5','Vocabulary from Peter van der Woude's www.jlptstudy.net');
INSERT INTO list_word VALUES('1447440','0001');
INSERT INTO list VALUES('0001',JLPT N5','Vocabulary from Peter van der Woude's www.jlptstudy.net');
INSERT INTO list_word VALUES('1169250','0001');
INSERT INTO list VALUES('0001',JLPT N5','Vocabulary from Peter van der Woude's www.jlptstudy.net');
INSERT INTO list_word VALUES('1419370','0001');
INSERT INTO list VALUES('0001',JLPT N5','Vocabulary from Peter van der Woude's www.jlptstudy.net');
INSERT INTO list_word VALUES('1434180','0001');
INSERT INTO list VALUES('0001',JLPT N5','Vocabulary from Peter van der Woude's www.jlptstudy.net');
INSERT INTO list_word VALUES('1485470','0001');
INSERT INTO list VALUES('0001',JLPT N5','Vocabulary from Peter van der Woude's www.jlptstudy.net');
INSERT INTO list_word VALUES('1290800','0001');
INSERT INTO list VALUES('0001',JLPT N5','Vocabulary from Peter van der Woude's www.jlptstudy.net');
INSERT INTO list_word VALUES('1580640','0001');
INSERT INTO list VALUES('0001',JLPT N5','Vocabulary from Peter van der Woude's www.jlptstudy.net');
INSERT INTO list_word VALUES('1160820','0001');
INSERT INTO list VALUES('0001',JLPT N5','Vocabulary from Peter van der Woude's www.jlptstudy.net');
INSERT INTO list_word VALUES('1162130','0001');
INSERT INTO list VALUES('0001',JLPT N5','Vocabulary from Peter van der Woude's www.jlptstudy.net');
INSERT INTO list_word VALUES('1576150','0001');
INSERT INTO list VALUES('0001',JLPT N5','Vocabulary from Peter van der Woude's www.jlptstudy.net');
INSERT INTO list_word VALUES('1577280','0001');
INSERT INTO list VALUES('0001',JLPT N5','Vocabulary from Peter van der Woude's www.jlptstudy.net');
INSERT INTO list_word VALUES('1490220','0001');
INSERT INTO list VALUES('0001',JLPT N5','Vocabulary from Peter van der Woude's www.jlptstudy.net');
INSERT INTO list_word VALUES('1490230','0001');
INSERT INTO list VALUES('0001',JLPT N5','Vocabulary from Peter van der Woude's www.jlptstudy.net');
INSERT INTO list_word VALUES('1507090','0001');
INSERT INTO list VALUES('0001',JLPT N5','Vocabulary from Peter van der Woude's www.jlptstudy.net');
INSERT INTO list_word VALUES('1426250','0001');
INSERT INTO list VALUES('0001',JLPT N5','Vocabulary from Peter van der Woude's www.jlptstudy.net');
INSERT INTO list_word VALUES('1278410','0001');
INSERT INTO list VALUES('0001',JLPT N5','Vocabulary from Peter van der Woude's www.jlptstudy.net');
INSERT INTO list_word VALUES('1109380','0001');
INSERT INTO list VALUES('0001',JLPT N5','Vocabulary from Peter van der Woude's www.jlptstudy.net');
INSERT INTO list_word VALUES('1499690','0001');
INSERT INTO list VALUES('0001',JLPT N5','Vocabulary from Peter van der Woude's www.jlptstudy.net');
INSERT INTO list_word VALUES('1115150','0001');
INSERT INTO list VALUES('0001',JLPT N5','Vocabulary from Peter van der Woude's www.jlptstudy.net');
INSERT INTO list_word VALUES('1110110','0001');
INSERT INTO list VALUES('0001',JLPT N5','Vocabulary from Peter van der Woude's www.jlptstudy.net');
INSERT INTO list_word VALUES('1370760','0001');
INSERT INTO list VALUES('0001',JLPT N5','Vocabulary from Peter van der Woude's www.jlptstudy.net');
INSERT INTO list_word VALUES('1500940','0001');
INSERT INTO list VALUES('0001',JLPT N5','Vocabulary from Peter van der Woude's www.jlptstudy.net');
INSERT INTO list_word VALUES('1461160','0001');
INSERT INTO list VALUES('0001',JLPT N5','Vocabulary from Peter van der Woude's www.jlptstudy.net');
INSERT INTO list_word VALUES('1457440','0001');
INSERT INTO list VALUES('0001',JLPT N5','Vocabulary from Peter van der Woude's www.jlptstudy.net');
INSERT INTO list_word VALUES('1582670','0001');
INSERT INTO list VALUES('0001',JLPT N5','Vocabulary from Peter van der Woude's www.jlptstudy.net');
INSERT INTO list_word VALUES('1462900','0001');
INSERT INTO list VALUES('0001',JLPT N5','Vocabulary from Peter van der Woude's www.jlptstudy.net');
INSERT INTO list_word VALUES('1408180','0001');
INSERT INTO list VALUES('0001',JLPT N5','Vocabulary from Peter van der Woude's www.jlptstudy.net');
INSERT INTO list_word VALUES('1446070','0001');
INSERT INTO list VALUES('0001',JLPT N5','Vocabulary from Peter van der Woude's www.jlptstudy.net');
INSERT INTO list_word VALUES('1282790','0001');
INSERT INTO list VALUES('0001',JLPT N5','Vocabulary from Peter van der Woude's www.jlptstudy.net');
INSERT INTO list_word VALUES('1265070','0001');
INSERT INTO list VALUES('0001',JLPT N5','Vocabulary from Peter van der Woude's www.jlptstudy.net');
INSERT INTO list_word VALUES('1505470','0001');
INSERT INTO list VALUES('0001',JLPT N5','Vocabulary from Peter van der Woude's www.jlptstudy.net');
INSERT INTO list_word VALUES('1185200','0001');
INSERT INTO list VALUES('0001',JLPT N5','Vocabulary from Peter van der Woude's www.jlptstudy.net');
INSERT INTO list_word VALUES('1119650','0001');
INSERT INTO list VALUES('0001',JLPT N5','Vocabulary from Peter van der Woude's www.jlptstudy.net');
INSERT INTO list_word VALUES('1120990','0001');
INSERT INTO list VALUES('0001',JLPT N5','Vocabulary from Peter van der Woude's www.jlptstudy.net');
INSERT INTO list_word VALUES('1499320','0001');
INSERT INTO list VALUES('0001',JLPT N5','Vocabulary from Peter van der Woude's www.jlptstudy.net');
INSERT INTO list_word VALUES('1512070','0001');
INSERT INTO list VALUES('0001',JLPT N5','Vocabulary from Peter van der Woude's www.jlptstudy.net');
INSERT INTO list_word VALUES('2222870','0001');
INSERT INTO list VALUES('0001',JLPT N5','Vocabulary from Peter van der Woude's www.jlptstudy.net');
INSERT INTO list_word VALUES('1121380','0001');
INSERT INTO list VALUES('0001',JLPT N5','Vocabulary from Peter van der Woude's www.jlptstudy.net');
INSERT INTO list_word VALUES('1512610','0001');
INSERT INTO list VALUES('0001',JLPT N5','Vocabulary from Peter van der Woude's www.jlptstudy.net');
INSERT INTO list_word VALUES('2771030','0001');
INSERT INTO list VALUES('0001',JLPT N5','Vocabulary from Peter van der Woude's www.jlptstudy.net');
INSERT INTO list_word VALUES('1519170','0001');
INSERT INTO list VALUES('0001',JLPT N5','Vocabulary from Peter van der Woude's www.jlptstudy.net');
INSERT INTO list_word VALUES('1123590','0001');
INSERT INTO list VALUES('0001',JLPT N5','Vocabulary from Peter van der Woude's www.jlptstudy.net');
INSERT INTO list_word VALUES('1124970','0001');
INSERT INTO list VALUES('0001',JLPT N5','Vocabulary from Peter van der Woude's www.jlptstudy.net');
INSERT INTO list_word VALUES('1547330','0001');
INSERT INTO list VALUES('0001',JLPT N5','Vocabulary from Peter van der Woude's www.jlptstudy.net');
INSERT INTO list_word VALUES('1125150','0001');
INSERT INTO list VALUES('0001',JLPT N5','Vocabulary from Peter van der Woude's www.jlptstudy.net');
INSERT INTO list_word VALUES('1295510','0001');
INSERT INTO list VALUES('0001',JLPT N5','Vocabulary from Peter van der Woude's www.jlptstudy.net');
INSERT INTO list_word VALUES('1122650','0001');
INSERT INTO list VALUES('0001',JLPT N5','Vocabulary from Peter van der Woude's www.jlptstudy.net');
INSERT INTO list_word VALUES('1522150','0001');
INSERT INTO list VALUES('0001',JLPT N5','Vocabulary from Peter van der Woude's www.jlptstudy.net');
INSERT INTO list_word VALUES('1522980','0001');
INSERT INTO list VALUES('0001',JLPT N5','Vocabulary from Peter van der Woude's www.jlptstudy.net');
INSERT INTO list_word VALUES('1524700','0001');
INSERT INTO list VALUES('0001',JLPT N5','Vocabulary from Peter van der Woude's www.jlptstudy.net');
INSERT INTO list_word VALUES('1524690','0001');
INSERT INTO list VALUES('0001',JLPT N5','Vocabulary from Peter van der Woude's www.jlptstudy.net');
INSERT INTO list_word VALUES('1524720','0001');
INSERT INTO list VALUES('0001',JLPT N5','Vocabulary from Peter van der Woude's www.jlptstudy.net');
INSERT INTO list_word VALUES('1524730','0001');
INSERT INTO list VALUES('0001',JLPT N5','Vocabulary from Peter van der Woude's www.jlptstudy.net');
INSERT INTO list_word VALUES('1392580','0001');
INSERT INTO list VALUES('0001',JLPT N5','Vocabulary from Peter van der Woude's www.jlptstudy.net');
INSERT INTO list_word VALUES('1603990','0001');
INSERT INTO list VALUES('0001',JLPT N5','Vocabulary from Peter van der Woude's www.jlptstudy.net');
INSERT INTO list_word VALUES('1410590','0001');
INSERT INTO list VALUES('0001',JLPT N5','Vocabulary from Peter van der Woude's www.jlptstudy.net');
INSERT INTO list_word VALUES('2784220','0001');
INSERT INTO list VALUES('0001',JLPT N5','Vocabulary from Peter van der Woude's www.jlptstudy.net');
INSERT INTO list_word VALUES('1401400','0001');
INSERT INTO list VALUES('0001',JLPT N5','Vocabulary from Peter van der Woude's www.jlptstudy.net');
INSERT INTO list_word VALUES('1584460','0001');
INSERT INTO list VALUES('0001',JLPT N5','Vocabulary from Peter van der Woude's www.jlptstudy.net');
INSERT INTO list_word VALUES('1526360','0001');
INSERT INTO list VALUES('0001',JLPT N5','Vocabulary from Peter van der Woude's www.jlptstudy.net');
INSERT INTO list_word VALUES('1523940','0001');
INSERT INTO list VALUES('0001',JLPT N5','Vocabulary from Peter van der Woude's www.jlptstudy.net');
INSERT INTO list_word VALUES('1171010','0001');
INSERT INTO list VALUES('0001',JLPT N5','Vocabulary from Peter van der Woude's www.jlptstudy.net');
INSERT INTO list_word VALUES('1418620','0001');
INSERT INTO list VALUES('0001',JLPT N5','Vocabulary from Peter van der Woude's www.jlptstudy.net');
INSERT INTO list_word VALUES('1371260','0001');
INSERT INTO list VALUES('0001',JLPT N5','Vocabulary from Peter van der Woude's www.jlptstudy.net');
INSERT INTO list_word VALUES('1582120','0001');
INSERT INTO list VALUES('0001',JLPT N5','Vocabulary from Peter van der Woude's www.jlptstudy.net');
INSERT INTO list_word VALUES('1259210','0001');
INSERT INTO list VALUES('0001',JLPT N5','Vocabulary from Peter van der Woude's www.jlptstudy.net');
INSERT INTO list_word VALUES('1454080','0001');
INSERT INTO list VALUES('0001',JLPT N5','Vocabulary from Peter van der Woude's www.jlptstudy.net');
INSERT INTO list_word VALUES('1301330','0001');
INSERT INTO list VALUES('0001',JLPT N5','Vocabulary from Peter van der Woude's www.jlptstudy.net');
INSERT INTO list_word VALUES('1299740','0001');
INSERT INTO list VALUES('0001',JLPT N5','Vocabulary from Peter van der Woude's www.jlptstudy.net');
INSERT INTO list_word VALUES('1555300','0001');
INSERT INTO list VALUES('0001',JLPT N5','Vocabulary from Peter van der Woude's www.jlptstudy.net');
INSERT INTO list_word VALUES('1202170','0001');
INSERT INTO list VALUES('0001',JLPT N5','Vocabulary from Peter van der Woude's www.jlptstudy.net');
INSERT INTO list_word VALUES('1459870','0001');
INSERT INTO list VALUES('0001',JLPT N5','Vocabulary from Peter van der Woude's www.jlptstudy.net');
INSERT INTO list_word VALUES('1317170','0001');
INSERT INTO list VALUES('0001',JLPT N5','Vocabulary from Peter van der Woude's www.jlptstudy.net');
INSERT INTO list_word VALUES('1259290','0001');
INSERT INTO list VALUES('0001',JLPT N5','Vocabulary from Peter van der Woude's www.jlptstudy.net');
INSERT INTO list_word VALUES('1561470','0001');
INSERT INTO list VALUES('0001',JLPT N5','Vocabulary from Peter van der Woude's www.jlptstudy.net');
INSERT INTO list_word VALUES('1277140','0001');
INSERT INTO list VALUES('0001',JLPT N5','Vocabulary from Peter van der Woude's www.jlptstudy.net');
INSERT INTO list_word VALUES('1460850','0001');
INSERT INTO list VALUES('0001',JLPT N5','Vocabulary from Peter van der Woude's www.jlptstudy.net');
INSERT INTO list_word VALUES('1585315','0001');
INSERT INTO list VALUES('0001',JLPT N5','Vocabulary from Peter van der Woude's www.jlptstudy.net');
INSERT INTO list_word VALUES('1406820','0001');
INSERT INTO list VALUES('0001',JLPT N5','Vocabulary from Peter van der Woude's www.jlptstudy.net');
INSERT INTO list_word VALUES('1604890','0001');
INSERT INTO list VALUES('0001',JLPT N5','Vocabulary from Peter van der Woude's www.jlptstudy.net');
INSERT INTO list_word VALUES('1577670','0001');
INSERT INTO list VALUES('0001',JLPT N5','Vocabulary from Peter van der Woude's www.jlptstudy.net');
INSERT INTO list_word VALUES('1012480','0001');
INSERT INTO list VALUES('0001',JLPT N5','Vocabulary from Peter van der Woude's www.jlptstudy.net');
INSERT INTO list_word VALUES('1012480','0001');
INSERT INTO list VALUES('0001',JLPT N5','Vocabulary from Peter van der Woude's www.jlptstudy.net');
INSERT INTO list_word VALUES('1534890','0001');
INSERT INTO list VALUES('0001',JLPT N5','Vocabulary from Peter van der Woude's www.jlptstudy.net');
INSERT INTO list_word VALUES('1012550','0001');
INSERT INTO list VALUES('0001',JLPT N5','Vocabulary from Peter van der Woude's www.jlptstudy.net');
INSERT INTO list_word VALUES('1315720','0001');
INSERT INTO list VALUES('0001',JLPT N5','Vocabulary from Peter van der Woude's www.jlptstudy.net');
INSERT INTO list_word VALUES('2096560','0001');
INSERT INTO list VALUES('0001',JLPT N5','Vocabulary from Peter van der Woude's www.jlptstudy.net');
INSERT INTO list_word VALUES('1012620','0001');
INSERT INTO list VALUES('0001',JLPT N5','Vocabulary from Peter van der Woude's www.jlptstudy.net');
INSERT INTO list_word VALUES('1502390','0001');
INSERT INTO list VALUES('0001',JLPT N5','Vocabulary from Peter van der Woude's www.jlptstudy.net');
INSERT INTO list_word VALUES('2780660','0001');
INSERT INTO list VALUES('0001',JLPT N5','Vocabulary from Peter van der Woude's www.jlptstudy.net');
INSERT INTO list_word VALUES('1584800','0001');
INSERT INTO list VALUES('0001',JLPT N5','Vocabulary from Peter van der Woude's www.jlptstudy.net');
INSERT INTO list_word VALUES('1536010','0001');
INSERT INTO list VALUES('0001',JLPT N5','Vocabulary from Peter van der Woude's www.jlptstudy.net');
INSERT INTO list_word VALUES('1476960','0001');
INSERT INTO list VALUES('0001',JLPT N5','Vocabulary from Peter van der Woude's www.jlptstudy.net');
INSERT INTO list_word VALUES('1537370','0001');
INSERT INTO list VALUES('0001',JLPT N5','Vocabulary from Peter van der Woude's www.jlptstudy.net');
INSERT INTO list_word VALUES('1157000','0001');
INSERT INTO list VALUES('0001',JLPT N5','Vocabulary from Peter van der Woude's www.jlptstudy.net');
INSERT INTO list_word VALUES('1153670','0001');
INSERT INTO list VALUES('0001',JLPT N5','Vocabulary from Peter van der Woude's www.jlptstudy.net');
INSERT INTO list_word VALUES('1227500','0001');
INSERT INTO list VALUES('0001',JLPT N5','Vocabulary from Peter van der Woude's www.jlptstudy.net');
INSERT INTO list_word VALUES('1227560','0001');
INSERT INTO list VALUES('0001',JLPT N5','Vocabulary from Peter van der Woude's www.jlptstudy.net');
INSERT INTO list_word VALUES('1583095','0001');
INSERT INTO list VALUES('0001',JLPT N5','Vocabulary from Peter van der Woude's www.jlptstudy.net');
INSERT INTO list_word VALUES('1302680','0001');
INSERT INTO list VALUES('0001',JLPT N5','Vocabulary from Peter van der Woude's www.jlptstudy.net');
INSERT INTO list_word VALUES('1542790','0001');
INSERT INTO list VALUES('0001',JLPT N5','Vocabulary from Peter van der Woude's www.jlptstudy.net');
INSERT INTO list_word VALUES('1584910','0001');
INSERT INTO list VALUES('0001',JLPT N5','Vocabulary from Peter van der Woude's www.jlptstudy.net');
INSERT INTO list_word VALUES('1542430','0001');
INSERT INTO list VALUES('0001',JLPT N5','Vocabulary from Peter van der Woude's www.jlptstudy.net');
INSERT INTO list_word VALUES('1541620','0001');
INSERT INTO list VALUES('0001',JLPT N5','Vocabulary from Peter van der Woude's www.jlptstudy.net');
INSERT INTO list_word VALUES('1386500','0001');
INSERT INTO list VALUES('0001',JLPT N5','Vocabulary from Peter van der Woude's www.jlptstudy.net');
INSERT INTO list_word VALUES('1476920','0001');
INSERT INTO list VALUES('0001',JLPT N5','Vocabulary from Peter van der Woude's www.jlptstudy.net');
INSERT INTO list_word VALUES('1546020','0001');
INSERT INTO list VALUES('0001',JLPT N5','Vocabulary from Peter van der Woude's www.jlptstudy.net');
INSERT INTO list_word VALUES('1180570','0001');
INSERT INTO list VALUES('0001',JLPT N5','Vocabulary from Peter van der Woude's www.jlptstudy.net');
INSERT INTO list_word VALUES('1307320','0001');
INSERT INTO list VALUES('0001',JLPT N5','Vocabulary from Peter van der Woude's www.jlptstudy.net');
INSERT INTO list_word VALUES('1307040','0001');
INSERT INTO list VALUES('0001',JLPT N5','Vocabulary from Peter van der Woude's www.jlptstudy.net');
INSERT INTO list_word VALUES('1266440','0001');
INSERT INTO list VALUES('0001',JLPT N5','Vocabulary from Peter van der Woude's www.jlptstudy.net');
INSERT INTO list_word VALUES('1456360','0001');
INSERT INTO list VALUES('0001',JLPT N5','Vocabulary from Peter van der Woude's www.jlptstudy.net');
INSERT INTO list_word VALUES('1536350','0001');
INSERT INTO list VALUES('0001',JLPT N5','Vocabulary from Peter van der Woude's www.jlptstudy.net');
INSERT INTO list_word VALUES('2818630','0001');
INSERT INTO list VALUES('0001',JLPT N5','Vocabulary from Peter van der Woude's www.jlptstudy.net');
INSERT INTO list_word VALUES('1324520','0001');
INSERT INTO list VALUES('0001',JLPT N5','Vocabulary from Peter van der Woude's www.jlptstudy.net');
INSERT INTO list_word VALUES('1547900','0001');
INSERT INTO list VALUES('0001',JLPT N5','Vocabulary from Peter van der Woude's www.jlptstudy.net');
INSERT INTO list_word VALUES('1548010','0001');
INSERT INTO list VALUES('0001',JLPT N5','Vocabulary from Peter van der Woude's www.jlptstudy.net');
INSERT INTO list_word VALUES('1548220','0001');
INSERT INTO list VALUES('0001',JLPT N5','Vocabulary from Peter van der Woude's www.jlptstudy.net');
INSERT INTO list_word VALUES('1138860','0001');
INSERT INTO list VALUES('0001',JLPT N5','Vocabulary from Peter van der Woude's www.jlptstudy.net');
INSERT INTO list_word VALUES('1138960','0001');
INSERT INTO list VALUES('0001',JLPT N5','Vocabulary from Peter van der Woude's www.jlptstudy.net');
INSERT INTO list_word VALUES('1552750','0001');
INSERT INTO list VALUES('0001',JLPT N5','Vocabulary from Peter van der Woude's www.jlptstudy.net');
INSERT INTO list_word VALUES('1602710','0001');
INSERT INTO list VALUES('0001',JLPT N5','Vocabulary from Peter van der Woude's www.jlptstudy.net');
INSERT INTO list_word VALUES('1554310','0001');
INSERT INTO list VALUES('0001',JLPT N5','Vocabulary from Peter van der Woude's www.jlptstudy.net');
INSERT INTO list_word VALUES('1553170','0001');
INSERT INTO list VALUES('0001',JLPT N5','Vocabulary from Peter van der Woude's www.jlptstudy.net');
INSERT INTO list_word VALUES('1557630','0001');
INSERT INTO list VALUES('0001',JLPT N5','Vocabulary from Peter van der Woude's www.jlptstudy.net');
INSERT INTO list_word VALUES('1557110','0001');
INSERT INTO list VALUES('0001',JLPT N5','Vocabulary from Peter van der Woude's www.jlptstudy.net');
INSERT INTO list_word VALUES('1144940','0001');
INSERT INTO list VALUES('0001',JLPT N5','Vocabulary from Peter van der Woude's www.jlptstudy.net');
INSERT INTO list_word VALUES('1145310','0001');
INSERT INTO list VALUES('0001',JLPT N5','Vocabulary from Peter van der Woude's www.jlptstudy.net');
INSERT INTO list_word VALUES('1560670','0001');
INSERT INTO list VALUES('0001',JLPT N5','Vocabulary from Peter van der Woude's www.jlptstudy.net');
INSERT INTO list_word VALUES('1585310','0001');
INSERT INTO list VALUES('0001',JLPT N5','Vocabulary from Peter van der Woude's www.jlptstudy.net');
INSERT INTO list_word VALUES('1324300','0001');
INSERT INTO list VALUES('0001',JLPT N5','Vocabulary from Peter van der Woude's www.jlptstudy.net');
INSERT INTO list_word VALUES('1606560','0001');
INSERT INTO list VALUES('0001',JLPT N5','Vocabulary from Peter van der Woude's www.jlptstudy.net');
INSERT INTO list_word VALUES('1519210','0001');
INSERT INTO list VALUES('0001',JLPT N5','Vocabulary from Peter van der Woude's www.jlptstudy.net');
INSERT INTO list_word VALUES('1311110','0001');
INSERT INTO list VALUES('0001',JLPT N5','Vocabulary from Peter van der Woude's www.jlptstudy.net');
INSERT INTO list_word VALUES('1444610','0001');
INSERT INTO list VALUES('0001',JLPT N5','Vocabulary from Peter van der Woude's www.jlptstudy.net');
INSERT INTO list_word VALUES('1444680','0001');
INSERT INTO list VALUES('0001',JLPT N5','Vocabulary from Peter van der Woude's www.jlptstudy.net');
INSERT INTO list_word VALUES('1151260','0001');
INSERT INTO list VALUES('0001',JLPT N5','Vocabulary from Peter van der Woude's www.jlptstudy.net');
